Jour,Mois,REGION_Centre-Val de Loire,REGION_Hauts-de-France,Vacances,MIN_TEMPERATURE_C,PRECIP_TOTAL_DAY_MM,Day Length,ENERGIE_SOUTIREE
1,1,True,False,0,8.0,0.0,8.566666666666666,27292711843.0
2,1,True,False,0,9.0,0.0,8.583333333333334,27939460379.0
3,1,True,False,0,10.0,1.0,8.6,28203130585.0
4,1,True,False,0,4.0,5.0,8.616666666666667,29266505462.0
5,1,True,False,0,1.0,2.0,8.633333333333333,33755344473.0
6,1,True,False,0,0.0,0.0,8.65,36360835487.0
7,1,True,False,0,1.0,4.0,8.666666666666666,36525586102.0
8,1,True,False,0,5.0,11.0,8.716666666666667,35160771882.0
9,1,True,False,0,3.0,4.0,8.733333333333333,34620346644.0
10,1,True,False,0,5.0,3.0,8.616666666666667,34674764926.0
11,1,True,False,0,0.0,0.0,8.783333333333333,35986018789.0
12,1,True,False,0,0.0,0.0,8.683333333333334,37842051105.0
13,1,True,False,0,0.0,0.0,8.85,38986068662.0
14,1,True,False,0,0.0,0.0,8.733333333333333,40075758521.0
15,1,True,False,0,0.0,0.0,8.916666666666666,41191685837.0
16,1,True,False,0,0.0,0.0,8.95,40779805102.0
17,1,True,False,0,4.0,0.0,8.85,38316290303.0
18,1,True,False,0,1.0,0.0,8.883333333333333,38113588531.0
19,1,True,False,0,0.0,1.0,8.933333333333334,37926316612.0
20,1,True,False,0,1.0,1.0,9.1,37200854213.0
21,1,True,False,0,0.0,0.0,9.15,38825671687.0
22,1,True,False,0,0.0,0.0,9.166666666666666,39322753149.0
23,1,True,False,0,0.0,0.0,9.216666666666667,38667780749.0
24,1,True,False,0,0.0,0.0,9.25,38961699543.0
25,1,True,False,0,0.0,0.0,9.183333333333334,40169638983.0
26,1,True,False,0,0.0,0.0,9.216666666666667,40659977475.0
27,1,True,False,0,0.0,0.0,9.266666666666667,39885540601.0
28,1,True,False,0,3.0,0.0,9.3,38159441976.0
29,1,True,False,0,2.0,0.0,9.35,36619575964.0
30,1,True,False,0,4.0,0.0,9.4,34603504812.0
31,1,True,False,0,2.0,0.0,9.45,34974020776.0
1,2,True,False,0,1.0,0.0,9.5,35541452888.0
2,2,True,False,0,7.0,0.0,9.533333333333333,32196988485.0
3,2,True,False,0,3.0,0.0,9.716666666666667,32271683310.0
4,2,True,False,0,6.0,0.0,9.65,32177218075.0
5,2,True,False,1,1.0,0.0,9.816666666666666,33039659745.0
6,2,True,False,1,4.0,0.0,9.75,33231182436.0
7,2,True,False,1,3.0,2.0,9.9,31135494700.0
8,2,True,False,1,1.0,0.0,9.966666666666667,31583488607.0
9,2,True,False,1,1.0,0.0,10.0,31440397756.0
10,2,True,False,1,3.0,2.0,10.066666666666666,31084728465.0
11,2,True,False,1,0.0,4.0,10.1,32313143277.0
12,2,True,False,1,0.0,0.0,10.166666666666666,34284536668.0
13,2,True,False,1,0.0,5.0,10.2,32826344442.0
14,2,True,False,1,5.0,6.0,10.266666666666667,30632690034.0
15,2,True,False,1,2.0,0.0,10.333333333333334,31566598211.0
16,2,True,False,1,8.0,17.0,10.366666666666667,29596824142.0
17,2,True,False,1,7.0,1.0,10.433333333333334,26813147304.0
18,2,True,False,1,6.0,2.0,10.383333333333333,27255744204.0
19,2,True,False,1,2.0,0.0,10.583333333333334,29780407900.0
20,2,True,False,1,6.0,0.0,10.583333333333334,29038124797.0
21,2,True,False,1,5.0,2.0,10.7,29635799610.0
22,2,True,False,1,4.0,0.0,10.616666666666667,29001374142.0
23,2,True,False,0,4.0,0.0,10.716666666666667,28071391229.0
24,2,True,False,0,5.0,1.0,10.8,28635462340.0
25,2,True,False,0,0.0,0.0,10.866666666666667,30414668932.0
26,2,True,False,0,0.0,0.0,10.866666666666667,31363315679.0
27,2,True,False,0,-1.0,0.0,11.016666666666667,31307408745.0
28,2,True,False,0,1.0,0.0,10.933333333333334,29895837558.0
1,3,True,False,0,2.0,0.0,11.05,29054664182.0
2,3,True,False,0,6.0,3.0,11.15,28488292574.0
3,3,True,False,0,7.0,1.0,11.166666666666666,27308859749.0
4,3,True,False,0,5.0,0.0,11.266666666666667,27755929688.0
5,3,True,False,0,0.0,0.0,11.266666666666667,29367661358.0
6,3,True,False,0,1.0,0.0,11.366666666666667,30755638068.0
7,3,True,False,0,-1.0,0.0,11.433333333333334,32098529576.0
8,3,True,False,0,0.0,0.0,11.483333333333333,31198375731.0
9,3,True,False,0,4.0,0.0,11.533333333333333,28588020399.0
10,3,True,False,0,5.0,0.0,11.6,26660896603.0
11,3,True,False,0,7.0,10.0,11.65,26663498785.0
12,3,True,False,0,6.0,2.0,11.716666666666667,27315002808.0
13,3,True,False,0,4.0,24.0,11.766666666666667,27842429558.0
14,3,True,False,0,2.0,8.0,11.783333333333333,26922199122.0
15,3,True,False,0,8.0,7.0,11.883333333333333,25125611566.0
16,3,True,False,0,8.0,0.0,11.95,25029227753.0
17,3,True,False,0,8.0,0.0,12.0,25780720552.0
18,3,True,False,0,3.0,0.0,12.05,26459583749.0
19,3,True,False,0,5.0,0.0,12.05,25454977438.0
20,3,True,False,0,7.0,1.0,12.166666666666666,25463923905.0
21,3,True,False,0,6.0,0.0,12.15,23629528407.0
22,3,True,False,0,5.0,0.0,12.25,22798311727.0
23,3,True,False,0,3.0,0.0,12.333333333333334,22955953690.0
24,3,True,False,0,5.0,0.0,12.366666666666667,22478931847.0
25,3,True,False,0,6.0,0.0,12.416666666666666,21743576881.0
26,3,True,False,0,6.0,0.0,12.433333333333334,21301972946.0
27,3,True,False,0,6.0,0.0,12.533333333333333,19703826110.0
28,3,True,False,0,7.0,0.0,12.616666666666667,19941474845.0
29,3,True,False,0,9.0,5.0,12.65,19967201339.0
30,3,True,False,0,6.0,1.0,12.7,21727465327.0
31,3,True,False,0,3.0,2.0,12.766666666666667,24589130281.0
1,4,True,False,0,0.0,13.0,12.816666666666666,30482557888.0
2,4,True,False,0,0.0,4.0,12.866666666666667,32331594786.0
3,4,True,False,0,0.0,0.0,12.933333333333334,32024487191.0
4,4,True,False,0,-2.0,0.0,13.033333333333333,30327537588.0
5,4,True,False,0,5.0,0.0,13.1,27069453816.0
6,4,True,False,0,6.0,0.0,13.15,25573669635.0
7,4,True,False,0,9.0,36.0,13.25,24243369818.0
8,4,True,False,0,4.0,35.0,13.2,24722087968.0
9,4,True,False,1,1.0,4.0,13.216666666666667,25777968602.0
10,4,True,False,1,0.0,0.0,13.35,25006157115.0
11,4,True,False,1,3.0,0.0,13.416666666666666,22338127205.0
12,4,True,False,1,8.0,0.0,13.516666666666667,20125656619.0
13,4,True,False,1,10.0,6.0,13.533333333333333,19561885293.0
14,4,True,False,1,9.0,0.0,13.633333333333333,18233818105.0
15,4,True,False,1,10.0,0.0,13.6,17252649840.0
16,4,True,False,1,9.0,0.0,13.633333333333333,16786111360.0
17,4,True,False,1,4.0,0.0,13.7,16544698090.0
18,4,True,False,1,6.0,0.0,13.75,16803892108.0
19,4,True,False,1,6.0,0.0,13.8,17603904588.0
20,4,True,False,1,7.0,8.0,13.866666666666667,18212795681.0
21,4,True,False,1,5.0,0.0,13.916666666666666,17922243876.0
22,4,True,False,1,6.0,0.0,13.983333333333333,17424074996.0
23,4,True,False,1,10.0,18.0,14.033333333333333,18024321460.0
24,4,True,False,1,8.0,8.0,14.066666666666666,18369837684.0
25,4,True,False,1,8.0,6.0,14.25,18122180562.0
26,4,True,False,1,4.0,0.0,14.183333333333334,17852221866.0
27,4,True,False,0,4.0,0.0,14.366666666666667,17516523907.0
28,4,True,False,0,7.0,0.0,14.283333333333333,16910626341.0
29,4,True,False,0,7.0,0.0,14.333333333333334,16616308452.0
30,4,True,False,0,6.0,0.0,14.516666666666667,16816533710.0
1,5,True,False,0,6.0,0.0,14.433333333333334,16877159446.0
2,5,True,False,0,7.0,0.0,14.616666666666667,16436774099.0
3,5,True,False,0,8.0,0.0,14.55,16075666043.0
4,5,True,False,0,10.0,0.0,14.716666666666667,16216545889.0
5,5,True,False,0,8.0,0.0,14.766666666666667,16115241566.0
6,5,True,False,0,7.0,0.0,14.816666666666666,15983410169.0
7,5,True,False,0,9.0,4.0,14.866666666666667,15624941456.0
8,5,True,False,0,9.0,0.0,14.9,15328363264.0
9,5,True,False,0,9.0,0.0,14.966666666666667,14841753992.0
10,5,True,False,0,13.0,0.0,15.0,14421507707.0
11,5,True,False,0,11.0,0.0,14.916666666666666,14481108665.0
12,5,True,False,0,9.0,0.0,15.1,14350570840.0
13,5,True,False,0,9.0,0.0,15.133333333333333,14420026313.0
14,5,True,False,0,10.0,0.0,15.05,14502337046.0
15,5,True,False,0,13.0,16.0,15.233333333333333,14229145109.0
16,5,True,False,0,13.0,4.0,15.266666666666667,14060481903.0
17,5,True,False,0,13.0,0.0,15.166666666666666,14041187007.0
18,5,True,False,0,14.0,0.0,15.216666666666667,14288712229.0
19,5,True,False,0,16.0,6.0,15.266666666666667,14108410031.0
20,5,True,False,0,15.0,4.0,15.433333333333334,14227787429.0
21,5,True,False,0,11.0,0.0,15.333333333333334,14206925802.0
22,5,True,False,0,13.0,4.0,15.366666666666667,14162858299.0
23,5,True,False,0,13.0,12.0,15.4,14098725524.0
24,5,True,False,0,8.0,2.0,15.433333333333334,14112217202.0
25,5,True,False,0,7.0,0.0,15.466666666666667,14339958438.0
26,5,True,False,1,11.0,0.0,15.5,14106359013.0
27,5,True,False,1,10.0,0.0,15.533333333333333,14132592559.0
28,5,True,False,1,7.0,0.0,15.566666666666666,14105604940.0
29,5,True,False,1,5.0,0.0,15.6,14238223799.0
30,5,True,False,1,5.0,0.0,15.633333333333333,14405326986.0
31,5,True,False,1,9.0,0.0,15.65,14279762548.0
1,6,True,False,0,9.0,0.0,15.683333333333334,14355021912.0
2,6,True,False,0,11.0,3.0,15.816666666666666,14116249177.0
3,6,True,False,0,13.0,16.0,15.733333333333333,14124432223.0
4,6,True,False,0,14.0,32.0,15.766666666666667,14075987127.0
5,6,True,False,0,13.0,18.0,15.783333333333333,13818776891.0
6,6,True,False,0,10.0,0.0,15.8,14025774907.0
7,6,True,False,0,12.0,6.0,15.816666666666666,13978635885.0
8,6,True,False,0,12.0,15.0,15.85,14129301722.0
9,6,True,False,0,10.0,1.0,15.866666666666667,13945900791.0
10,6,True,False,0,11.0,0.0,15.866666666666667,14015540858.0
11,6,True,False,0,14.0,0.0,15.883333333333333,14044571659.0
12,6,True,False,0,13.0,0.0,15.9,13972213078.0
13,6,True,False,0,9.0,0.0,15.916666666666666,14096554917.0
14,6,True,False,0,11.0,0.0,15.916666666666666,14170011555.0
15,6,True,False,0,14.0,0.0,15.933333333333334,14493250832.0
16,6,True,False,0,16.0,0.0,15.933333333333334,14580460642.0
17,6,True,False,0,17.0,0.0,15.95,14990934863.0
18,6,True,False,0,21.0,0.0,16.05,15106139673.0
19,6,True,False,0,20.0,0.0,15.95,14697303683.0
20,6,True,False,0,16.0,12.0,15.966666666666667,14415862733.0
21,6,True,False,0,15.0,12.0,15.966666666666667,14196930642.0
22,6,True,False,0,16.0,12.0,15.95,14221273211.0
23,6,True,False,0,16.0,8.0,16.05,14045233742.0
24,6,True,False,0,13.0,5.0,15.95,13972782648.0
25,6,True,False,0,13.0,9.0,15.933333333333334,13975684624.0
26,6,True,False,0,10.0,2.0,15.933333333333334,13992799106.0
27,6,True,False,0,12.0,0.0,15.933333333333334,13981129946.0
28,6,True,False,0,10.0,0.0,16.016666666666666,13876715606.0
29,6,True,False,0,11.0,0.0,15.916666666666666,14054860995.0
30,6,True,False,0,12.0,25.0,15.9,14099849310.0
1,7,True,False,0,8.0,0.0,15.883333333333333,13824207368.0
2,7,True,False,0,11.0,0.0,15.866666666666667,13820536368.0
3,7,True,False,0,12.0,0.0,15.95,13706873633.0
4,7,True,False,0,11.0,0.0,15.833333333333334,13871326031.0
5,7,True,False,0,12.0,0.0,15.816666666666666,13943827716.0
6,7,True,False,0,11.0,0.0,15.8,14025922624.0
7,7,True,False,1,13.0,0.0,15.783333333333333,13946135364.0
8,7,True,False,1,10.0,0.0,15.75,14030420228.0
9,7,True,False,1,15.0,0.0,15.75,13939826348.0
10,7,True,False,1,12.0,0.0,15.716666666666667,13737824650.0
11,7,True,False,1,14.0,0.0,15.683333333333334,13980407782.0
12,7,True,False,1,17.0,0.0,15.666666666666666,14237087568.0
13,7,True,False,1,18.0,0.0,15.633333333333333,14341213938.0
14,7,True,False,1,19.0,0.0,15.6,14089922668.0
15,7,True,False,1,14.0,0.0,15.566666666666666,14189110367.0
16,7,True,False,1,15.0,0.0,15.55,14011485985.0
17,7,True,False,1,16.0,0.0,15.516666666666667,14035459555.0
18,7,True,False,1,20.0,0.0,15.483333333333333,14753389582.0
19,7,True,False,1,21.0,1.0,15.45,14994741674.0
20,7,True,False,1,17.0,12.0,15.4,14466398402.0
21,7,True,False,1,14.0,0.0,15.366666666666667,14279013769.0
22,7,True,False,1,16.0,2.0,15.333333333333334,14296159361.0
23,7,True,False,1,17.0,1.0,15.433333333333334,14003023933.0
24,7,True,False,1,16.0,0.0,15.4,13960855415.0
25,7,True,False,1,17.0,0.0,15.233333333333333,14041960017.0
26,7,True,False,1,12.0,0.0,15.166666666666666,13760459401.0
27,7,True,False,1,12.0,0.0,15.133333333333333,13676203409.0
28,7,True,False,1,15.0,0.0,15.233333333333333,13658013719.0
29,7,True,False,1,14.0,0.0,15.183333333333334,13601022382.0
30,7,True,False,1,14.0,0.0,15.133333333333333,13614754668.0
31,7,True,False,1,15.0,0.0,15.1,13538272704.0
1,8,True,False,1,16.0,0.0,14.933333333333334,13845551693.0
2,8,True,False,1,17.0,0.0,15.0,14003260988.0
3,8,True,False,1,19.0,0.0,14.966666666666667,14270277816.0
4,8,True,False,1,20.0,1.0,14.916666666666666,14228113817.0
5,8,True,False,1,15.0,3.0,14.866666666666667,13994804807.0
6,8,True,False,1,14.0,0.0,14.816666666666666,13629122830.0
7,8,True,False,1,13.0,0.0,14.65,13352457666.0
8,8,True,False,1,14.0,0.0,14.716666666666667,13504103157.0
9,8,True,False,1,15.0,0.0,14.666666666666666,13649955878.0
10,8,True,False,1,17.0,0.0,14.483333333333333,13784802446.0
11,8,True,False,1,18.0,0.0,14.566666666666666,13899743162.0
12,8,True,False,1,18.0,0.0,14.4,14121055554.0
13,8,True,False,1,18.0,0.0,14.333333333333334,13790759745.0
14,8,True,False,1,19.0,8.0,14.283333333333333,13125884417.0
15,8,True,False,1,15.0,1.0,14.366666666666667,13005252114.0
16,8,True,False,1,16.0,4.0,14.2,13309369855.0
17,8,True,False,1,14.0,14.0,14.133333333333333,13110050195.0
18,8,True,False,1,14.0,0.0,14.1,13036932386.0
19,8,True,False,1,15.0,0.0,14.033333333333333,13158438760.0
20,8,True,False,1,14.0,1.0,13.983333333333333,13200206040.0
21,8,True,False,1,14.0,0.0,13.933333333333334,13193990818.0
22,8,True,False,1,16.0,0.0,13.866666666666667,13367271918.0
23,8,True,False,1,17.0,0.0,13.816666666666666,13590025671.0
24,8,True,False,1,18.0,0.0,13.783333333333333,13867753972.0
25,8,True,False,1,19.0,0.0,13.666666666666666,13857216096.0
26,8,True,False,1,16.0,0.0,13.666666666666666,13825740538.0
27,8,True,False,1,14.0,0.0,13.6,13700284825.0
28,8,True,False,1,14.0,0.0,13.5,13581804655.0
29,8,True,False,1,16.0,0.0,13.5,13821957696.0
30,8,True,False,1,17.0,0.0,13.45,13854568282.0
31,8,True,False,1,13.0,0.0,13.383333333333333,13830445731.0
1,9,True,False,1,16.0,10.0,13.383333333333333,13748765624.0
2,9,True,False,1,15.0,5.0,13.333333333333334,13649722428.0
3,9,True,False,0,15.0,0.0,13.283333333333333,13641769053.0
4,9,True,False,0,13.0,0.0,13.166666666666666,13625072440.0
5,9,True,False,0,17.0,5.0,13.166666666666666,13690501915.0
6,9,True,False,0,15.0,0.0,13.116666666666667,13695519200.0
7,9,True,False,0,14.0,2.0,13.0,13766895122.0
8,9,True,False,0,13.0,3.0,13.0,13496327517.0
9,9,True,False,0,13.0,4.0,12.9,13598267764.0
10,9,True,False,0,12.0,0.0,12.833333333333334,13626456669.0
11,9,True,False,0,12.0,0.0,12.833333333333334,13534831317.0
12,9,True,False,0,14.0,0.0,12.733333333333333,13540163451.0
13,9,True,False,0,21.0,4.0,12.683333333333334,13658695125.0
14,9,True,False,0,18.0,10.0,12.616666666666667,13824603713.0
15,9,True,False,0,15.0,1.0,12.566666666666666,13626344591.0
16,9,True,False,0,12.0,0.0,12.516666666666667,13673401014.0
17,9,True,False,0,8.0,0.0,12.45,13845871722.0
18,9,True,False,0,7.0,0.0,12.4,13986633070.0
19,9,True,False,0,8.0,0.0,12.333333333333334,13896940817.0
20,9,True,False,0,8.0,0.0,12.283333333333333,14057437323.0
21,9,True,False,0,9.0,0.0,12.233333333333333,14262364945.0
22,9,True,False,0,8.0,0.0,12.166666666666666,14128006860.0
23,9,True,False,0,9.0,0.0,12.166666666666666,14287975361.0
24,9,True,False,0,10.0,0.0,12.05,14431312678.0
25,9,True,False,0,10.0,3.0,12.0,14598283195.0
26,9,True,False,0,10.0,11.0,11.933333333333334,14894657693.0
27,9,True,False,0,9.0,0.0,11.85,15235686009.0
28,9,True,False,0,10.0,31.0,11.916666666666666,15552216103.0
29,9,True,False,0,7.0,2.0,11.816666666666666,15736171266.0
30,9,True,False,0,9.0,0.0,11.733333333333333,16143493899.0
1,10,True,False,0,10.0,24.0,11.666666666666666,16220792966.0
2,10,True,False,0,15.0,1.0,11.633333333333333,15579325095.0
3,10,True,False,0,12.0,0.0,11.583333333333334,15408352948.0
4,10,True,False,0,12.0,0.0,11.566666666666666,15455626498.0
5,10,True,False,0,12.0,0.0,11.466666666666667,15157515844.0
6,10,True,False,0,9.0,0.0,11.416666666666666,14911200240.0
7,10,True,False,0,9.0,0.0,11.35,15289001322.0
8,10,True,False,0,9.0,0.0,11.3,15468126423.0
9,10,True,False,0,7.0,0.0,11.25,15885419600.0
10,10,True,False,0,12.0,0.0,11.2,15390873829.0
11,10,True,False,0,13.0,0.0,11.1,15350177015.0
12,10,True,False,0,8.0,0.0,11.083333333333334,15806758847.0
13,10,True,False,0,10.0,6.0,11.016666666666667,15788230630.0
14,10,True,False,0,13.0,3.0,10.916666666666666,15727076170.0
15,10,True,False,0,14.0,2.0,10.866666666666667,15508240667.0
16,10,True,False,0,13.0,4.0,10.833333333333334,15304635239.0
17,10,True,False,0,16.0,4.0,10.766666666666667,14862722468.0
18,10,True,False,0,14.0,4.0,10.683333333333334,14705746967.0
19,10,True,False,0,15.0,0.0,10.65,14771666477.0
20,10,True,False,0,15.0,12.0,10.616666666666667,14647244831.0
21,10,True,False,0,15.0,7.0,10.55,14847125839.0
22,10,True,False,1,13.0,0.0,10.533333333333333,15012102152.0
23,10,True,False,1,15.0,0.0,10.5,14940581626.0
24,10,True,False,1,14.0,0.0,10.483333333333333,14979832870.0
25,10,True,False,1,11.0,0.0,10.383333333333333,15183052362.0
26,10,True,False,1,14.0,0.0,10.333333333333334,14940372530.0
27,10,True,False,1,15.0,0.0,10.283333333333333,14958069462.0
28,10,True,False,1,17.0,0.0,10.233333333333333,14892979470.0
29,10,True,False,1,16.0,0.0,10.166666666666666,15484760868.0
30,10,True,False,1,14.0,0.0,10.133333333333333,14808563361.0
31,10,True,False,1,13.0,5.0,9.95,15384284024.0
1,11,True,False,1,12.0,3.0,10.033333333333333,15782106804.0
2,11,True,False,1,8.0,3.0,9.85,16471560507.0
3,11,True,False,1,10.0,6.0,9.933333333333334,17660422739.0
4,11,True,False,1,8.0,7.0,9.75,19257038182.0
5,11,True,False,1,6.0,0.0,9.833333333333334,20686426914.0
6,11,True,False,1,6.0,2.0,9.65,20989631714.0
7,11,True,False,1,10.0,0.0,9.733333333333333,19627787249.0
8,11,True,False,1,10.0,1.0,9.55,19238491185.0
9,11,True,False,0,10.0,0.0,9.633333333333333,19314464245.0
10,11,True,False,0,8.0,0.0,9.466666666666667,20258994438.0
11,11,True,False,0,7.0,0.0,9.4,20583331766.0
12,11,True,False,0,10.0,0.0,9.366666666666667,20547822654.0
13,11,True,False,0,10.0,0.0,9.316666666666666,20916208020.0
14,11,True,False,0,10.0,1.0,9.283333333333333,21342440729.0
15,11,True,False,0,9.0,9.0,9.216666666666667,21247492613.0
16,11,True,False,0,8.0,9.0,9.183333333333334,21543837658.0
17,11,True,False,0,10.0,12.0,9.266666666666667,21177353987.0
18,11,True,False,0,6.0,2.0,9.1,22680966376.0
19,11,True,False,0,4.0,0.0,9.183333333333334,24801158169.0
20,11,True,False,0,2.0,9.0,9.016666666666667,25660689709.0
21,11,True,False,0,4.0,11.0,8.983333333333333,26411885705.0
22,11,True,False,0,4.0,1.0,8.933333333333334,26685665842.0
23,11,True,False,0,6.0,2.0,8.9,26203838172.0
24,11,True,False,0,7.0,1.0,9.0,25474110899.0
25,11,True,False,0,6.0,2.0,8.816666666666666,25354369234.0
26,11,True,False,0,5.0,0.0,8.8,27223497520.0
27,11,True,False,0,7.0,0.0,8.9,27356873818.0
28,11,True,False,0,6.0,6.0,8.716666666666667,26562987915.0
29,11,True,False,0,5.0,1.0,8.833333333333334,27784292007.0
30,11,True,False,0,4.0,0.0,8.8,29105558981.0
1,12,True,False,0,3.0,0.0,8.783333333333333,30392817824.0
2,12,True,False,0,2.0,0.0,8.6,31844746020.0
3,12,True,False,0,1.0,0.0,8.716666666666667,33237871844.0
4,12,True,False,0,1.0,0.0,8.683333333333334,33327895925.0
5,12,True,False,0,3.0,4.0,8.666666666666666,33341597304.0
6,12,True,False,0,1.0,0.0,8.65,33673471186.0
7,12,True,False,0,0.0,0.0,8.616666666666667,34065440633.0
8,12,True,False,0,0.0,0.0,8.6,35007107855.0
9,12,True,False,0,-1.0,0.0,8.583333333333334,35604031191.0
10,12,True,False,0,-2.0,0.0,8.566666666666666,37343132711.0
11,12,True,False,0,-2.0,0.0,8.55,39630294085.0
12,12,True,False,0,-3.0,0.0,8.533333333333333,40680347939.0
13,12,True,False,0,-2.0,0.0,8.516666666666667,40135065853.0
14,12,True,False,0,4.0,18.0,8.5,37081715589.0
15,12,True,False,0,0.0,6.0,8.5,37048563530.0
16,12,True,False,0,-3.0,0.0,8.483333333333333,37966287968.0
17,12,True,False,1,-4.0,0.0,8.483333333333333,41203845035.0
18,12,True,False,1,-4.0,0.0,8.466666666666667,40303666033.0
19,12,True,False,1,5.0,0.0,8.466666666666667,32615924493.0
20,12,True,False,1,10.0,1.0,8.466666666666667,28657124874.0
21,12,True,False,1,6.0,15.0,8.466666666666667,27300428159.0
22,12,True,False,1,10.0,13.0,8.466666666666667,26386176425.0
23,12,True,False,1,12.0,17.0,8.466666666666667,25055134307.0
24,12,True,False,1,9.0,0.0,8.466666666666667,25720642746.0
25,12,True,False,1,7.0,0.0,8.483333333333333,24787453156.0
26,12,True,False,1,5.0,10.0,8.483333333333333,25788484739.0
27,12,True,False,1,2.0,0.0,8.483333333333333,28470493105.0
28,12,True,False,1,5.0,0.0,8.5,28287373343.0
29,12,True,False,1,8.0,8.0,8.516666666666667,27298082222.0
30,12,True,False,1,5.0,6.0,8.533333333333333,27555767754.0
31,12,True,False,1,12.0,1.0,8.55,25032457923.0
1,1,True,False,1,11.0,1.0,8.566666666666666,23256714420.0
2,1,True,False,1,8.0,31.0,8.583333333333334,24329438512.0
3,1,True,False,1,5.0,0.0,8.6,26370238286.0
4,1,True,False,1,6.0,1.0,8.616666666666667,26195807396.0
5,1,True,False,0,11.0,8.0,8.633333333333333,24578712155.0
6,1,True,False,0,10.0,3.0,8.65,24916617830.0
7,1,True,False,0,6.0,5.0,8.666666666666666,25935424539.0
8,1,True,False,0,8.0,24.0,8.7,26338075335.0
9,1,True,False,0,5.0,8.0,8.733333333333333,28079633934.0
10,1,True,False,0,5.0,22.0,8.75,28452976235.0
11,1,True,False,0,9.0,10.0,8.783333333333333,26975076168.0
12,1,True,False,0,9.0,4.0,8.8,26988025008.0
13,1,True,False,0,8.0,9.0,8.85,26778613915.0
14,1,True,False,0,6.0,6.0,8.733333333333333,27383757015.0
15,1,True,False,0,5.0,21.0,8.916666666666666,28646119919.0
16,1,True,False,0,4.0,25.0,8.95,31004483598.0
17,1,True,False,0,1.0,8.0,8.833333333333334,32845937524.0
18,1,True,False,0,0.0,6.0,8.883333333333333,35063105213.0
19,1,True,False,0,-1.0,4.0,9.066666666666666,36364243061.0
20,1,True,False,0,-1.0,0.0,9.1,36676803691.0
21,1,True,False,0,0.0,2.0,9.116666666666667,37920360109.0
22,1,True,False,0,-2.0,0.0,9.033333333333333,40191338464.0
23,1,True,False,0,0.0,0.0,9.066666666666666,39431859289.0
24,1,True,False,0,0.0,0.0,9.116666666666667,38048591277.0
25,1,True,False,0,0.0,0.0,9.15,38221829377.0
26,1,True,False,0,0.0,10.0,9.2,37685199632.0
27,1,True,False,0,1.0,4.0,9.266666666666667,37025644964.0
28,1,True,False,0,0.0,0.0,9.3,37631208763.0
29,1,True,False,0,-1.0,0.0,9.35,37469304016.0
30,1,True,False,0,2.0,1.0,9.383333333333333,35751456864.0
31,1,True,False,0,0.0,0.0,9.433333333333334,33591027253.0
1,2,True,False,0,4.0,5.0,9.483333333333333,31762662321.0
2,2,True,False,0,3.0,0.0,9.533333333333333,30883513369.0
3,2,True,False,0,4.0,0.0,9.716666666666667,30406205478.0
4,2,True,False,0,3.0,0.0,9.75,29846932975.0
5,2,True,False,0,4.0,0.0,9.683333333333334,29605692407.0
6,2,True,False,0,1.0,0.0,9.85,31499102680.0
7,2,True,False,0,0.0,0.0,9.783333333333333,33596819873.0
8,2,True,False,0,-1.0,0.0,9.95,35194565977.0
9,2,True,False,0,-1.0,0.0,9.883333333333333,35627839211.0
10,2,True,False,0,0.0,0.0,10.033333333333333,34297176248.0
11,2,True,False,1,0.0,0.0,10.1,33728039178.0
12,2,True,False,1,1.0,0.0,10.166666666666666,32114374940.0
13,2,True,False,1,2.0,0.0,10.2,31595015731.0
14,2,True,False,1,2.0,0.0,10.266666666666667,30480909800.0
15,2,True,False,1,4.0,0.0,10.3,29526604278.0
16,2,True,False,1,4.0,0.0,10.366666666666667,28374894801.0
17,2,True,False,1,8.0,0.0,10.4,26239945754.0
18,2,True,False,1,10.0,0.0,10.516666666666667,25378524570.0
19,2,True,False,1,8.0,0.0,10.533333333333333,25225421358.0
20,2,True,False,1,5.0,0.0,10.533333333333333,26291580068.0
21,2,True,False,1,5.0,0.0,10.633333333333333,26383979983.0
22,2,True,False,1,8.0,8.0,10.683333333333334,26411755889.0
23,2,True,False,1,7.0,18.0,10.683333333333334,27419928317.0
24,2,True,False,1,6.0,3.0,10.783333333333333,27523140737.0
25,2,True,False,1,4.0,4.0,10.75,29537291290.0
26,2,True,False,1,0.0,0.0,10.816666666666666,32724351814.0
27,2,True,False,1,-1.0,0.0,10.9,35113873222.0
28,2,True,False,1,-2.0,0.0,11.016666666666667,35436704820.0
1,3,True,False,0,-2.0,0.0,11.05,34829383951.0
2,3,True,False,0,-2.0,0.0,11.083333333333334,33425143890.0
3,3,True,False,0,0.0,0.0,11.2,32078805998.0
4,3,True,False,0,0.0,0.0,11.2,32158517281.0
5,3,True,False,0,0.0,0.0,11.3,31357917454.0
6,3,True,False,0,0.0,0.0,11.316666666666666,31108497366.0
7,3,True,False,0,0.0,5.0,11.416666666666666,30958503494.0
8,3,True,False,0,8.0,35.0,11.433333333333334,28091806463.0
9,3,True,False,0,10.0,9.0,11.533333333333333,24849709845.0
10,3,True,False,0,6.0,12.0,11.6,26393306624.0
11,3,True,False,0,2.0,13.0,11.616666666666667,26661199092.0
12,3,True,False,0,7.0,5.0,11.666666666666666,23858024784.0
13,3,True,False,0,11.0,8.0,11.733333333333333,21616384757.0
14,3,True,False,0,7.0,7.0,11.783333333333333,23414312966.0
15,3,True,False,0,0.0,2.0,11.8,24845908307.0
16,3,True,False,0,4.0,0.0,11.9,23317049759.0
17,3,True,False,0,7.0,6.0,11.9,22090602738.0
18,3,True,False,0,8.0,6.0,12.016666666666667,22175629927.0
19,3,True,False,0,8.0,5.0,12.083333333333334,22530779968.0
20,3,True,False,0,7.0,0.0,12.116666666666667,22799286194.0
21,3,True,False,0,5.0,4.0,12.2,21861020121.0
22,3,True,False,0,7.0,7.0,12.25,21813547065.0
23,3,True,False,0,10.0,4.0,12.35,20758798646.0
24,3,True,False,0,9.0,20.0,12.433333333333334,20802878877.0
25,3,True,False,0,8.0,7.0,12.466666666666667,21924024191.0
26,3,True,False,0,6.0,14.0,12.483333333333333,21761702442.0
27,3,True,False,0,5.0,0.0,12.533333333333333,23552937513.0
28,3,True,False,0,0.0,0.0,12.583333333333334,24474404116.0
29,3,True,False,0,6.0,0.0,12.65,21203994257.0
30,3,True,False,0,12.0,6.0,12.683333333333334,19280328439.0
31,3,True,False,0,10.0,27.0,12.733333333333333,20402935052.0
1,4,True,False,0,8.0,11.0,12.8,21842012118.0
2,4,True,False,0,6.0,9.0,12.85,23465412864.0
3,4,True,False,0,3.0,0.0,12.95,23761432955.0
4,4,True,False,0,0.0,0.0,12.966666666666667,24209335342.0
5,4,True,False,0,0.0,0.0,13.016666666666667,24120525299.0
6,4,True,False,0,5.0,1.0,13.083333333333334,22729949597.0
7,4,True,False,0,3.0,3.0,13.133333333333333,22101594444.0
8,4,True,False,0,3.0,0.0,13.233333333333333,21870832543.0
9,4,True,False,0,4.0,0.0,13.25,20185256178.0
10,4,True,False,0,8.0,4.0,13.4,19771285037.0
11,4,True,False,0,8.0,1.0,13.366666666666667,20033892849.0
12,4,True,False,0,8.0,19.0,13.416666666666666,20850664048.0
13,4,True,False,0,3.0,6.0,13.483333333333333,22141767675.0
14,4,True,False,0,3.0,12.0,13.516666666666667,23063482734.0
15,4,True,False,1,7.0,6.0,13.616666666666667,22479571529.0
16,4,True,False,1,3.0,0.0,13.583333333333334,21630273748.0
17,4,True,False,1,5.0,6.0,13.683333333333334,20896049630.0
18,4,True,False,1,4.0,5.0,13.75,19883243799.0
19,4,True,False,1,5.0,1.0,13.8,18599548431.0
20,4,True,False,1,6.0,0.0,13.85,18667744743.0
21,4,True,False,1,2.0,2.0,13.9,19346050337.0
22,4,True,False,1,9.0,20.0,13.95,18994285385.0
23,4,True,False,1,8.0,15.0,14.016666666666667,19046053910.0
24,4,True,False,1,5.0,7.0,14.066666666666666,19075422190.0
25,4,True,False,1,5.0,5.0,14.116666666666667,19211270798.0
26,4,True,False,1,7.0,6.0,14.283333333333333,19008606883.0
27,4,True,False,1,8.0,4.0,14.216666666666667,17357421675.0
28,4,True,False,1,13.0,12.0,14.4,16029537578.0
29,4,True,False,1,11.0,17.0,14.333333333333334,16016929424.0
30,4,True,False,1,7.0,0.0,14.5,15909821323.0
1,5,True,False,1,8.0,1.0,14.55,16122538351.0
2,5,True,False,1,6.0,0.0,14.483333333333333,15901850096.0
3,5,True,False,1,4.0,0.0,14.65,15339100736.0
4,5,True,False,0,8.0,6.0,14.583333333333334,14584307609.0
5,5,True,False,0,10.0,0.0,14.75,14472212630.0
6,5,True,False,0,9.0,2.0,14.8,14530343606.0
7,5,True,False,0,12.0,15.0,14.866666666666667,14358529992.0
8,5,True,False,0,9.0,0.0,14.9,14645073011.0
9,5,True,False,0,11.0,38.0,14.95,14789457411.0
10,5,True,False,0,7.0,10.0,15.0,15269485975.0
11,5,True,False,0,8.0,10.0,15.033333333333333,15328933605.0
12,5,True,False,0,7.0,8.0,14.95,15801474102.0
13,5,True,False,0,9.0,10.0,15.133333333333333,15820658193.0
14,5,True,False,0,8.0,7.0,15.166666666666666,15596732797.0
15,5,True,False,0,8.0,6.0,15.083333333333334,15405086232.0
16,5,True,False,0,4.0,3.0,15.133333333333333,15787416696.0
17,5,True,False,0,5.0,0.0,15.3,15848351938.0
18,5,True,False,1,6.0,0.0,15.216666666666667,15496783479.0
19,5,True,False,1,7.0,2.0,15.25,15184185927.0
20,5,True,False,1,8.0,4.0,15.283333333333333,14783711354.0
21,5,True,False,1,10.0,0.0,15.466666666666667,14523918571.0
22,5,True,False,1,14.0,3.0,15.366666666666667,14030725638.0
23,5,True,False,1,12.0,1.0,15.4,13880924872.0
24,5,True,False,0,7.0,0.0,15.433333333333334,14089268123.0
25,5,True,False,0,7.0,0.0,15.466666666666667,13889558851.0
26,5,True,False,0,9.0,0.0,15.5,13774862369.0
27,5,True,False,0,10.0,0.0,15.533333333333333,13648545530.0
28,5,True,False,0,12.0,0.0,15.566666666666666,13247774096.0
29,5,True,False,0,12.0,0.0,15.6,13500202470.0
30,5,True,False,0,10.0,0.0,15.616666666666667,13428362894.0
31,5,True,False,0,10.0,0.0,15.65,13531420629.0
1,6,True,False,0,12.0,0.0,15.683333333333334,13339737327.0
2,6,True,False,0,11.0,0.0,15.7,13405122101.0
3,6,True,False,0,9.0,0.0,15.733333333333333,13506453227.0
4,6,True,False,0,11.0,1.0,15.766666666666667,13325666953.0
5,6,True,False,0,11.0,1.0,15.783333333333333,13198369991.0
6,6,True,False,0,11.0,1.0,15.8,13212027863.0
7,6,True,False,0,13.0,0.0,15.816666666666666,13389072977.0
8,6,True,False,0,14.0,1.0,15.833333333333334,13264469885.0
9,6,True,False,0,17.0,14.0,15.85,13359100804.0
10,6,True,False,0,16.0,19.0,15.966666666666667,13443331310.0
11,6,True,False,0,15.0,6.0,15.883333333333333,13368638366.0
12,6,True,False,0,15.0,17.0,15.9,13218637069.0
13,6,True,False,0,14.0,5.0,15.916666666666666,13219527528.0
14,6,True,False,0,13.0,0.0,15.916666666666666,13400152924.0
15,6,True,False,0,15.0,0.0,15.933333333333334,13249017744.0
16,6,True,False,0,15.0,0.0,15.933333333333334,13358234220.0
17,6,True,False,0,17.0,1.0,15.95,13504111645.0
18,6,True,False,0,17.0,37.0,15.95,13378920420.0
19,6,True,False,0,15.0,10.0,15.95,13308999722.0
20,6,True,False,0,16.0,13.0,15.966666666666667,13351273003.0
21,6,True,False,0,16.0,15.0,15.966666666666667,13549269968.0
22,6,True,False,0,16.0,78.0,15.95,13401611117.0
23,6,True,False,0,13.0,1.0,16.05,13455249015.0
24,6,True,False,0,15.0,0.0,15.95,13566989174.0
25,6,True,False,0,16.0,0.0,15.933333333333334,13599272202.0
26,6,True,False,0,14.0,0.0,15.933333333333334,13613396488.0
27,6,True,False,0,12.0,0.0,15.933333333333334,13460678357.0
28,6,True,False,0,14.0,0.0,16.016666666666666,13613856781.0
29,6,True,False,0,17.0,13.0,16.016666666666666,13595660169.0
30,6,True,False,0,11.0,3.0,15.9,13387989220.0
1,7,True,False,0,15.0,12.0,15.9,13144450755.0
2,7,True,False,0,14.0,1.0,15.866666666666667,13093929804.0
3,7,True,False,0,12.0,3.0,15.85,13082366477.0
4,7,True,False,0,10.0,2.0,15.85,13149452296.0
5,7,True,False,0,11.0,6.0,15.833333333333334,13238472400.0
6,7,True,False,0,12.0,0.0,15.8,13247167989.0
7,7,True,False,0,15.0,0.0,15.783333333333333,13492267709.0
8,7,True,False,1,17.0,9.0,15.866666666666667,13653398361.0
9,7,True,False,1,18.0,7.0,15.75,13590934248.0
10,7,True,False,1,16.0,0.0,15.716666666666667,13845511642.0
11,7,True,False,1,16.0,3.0,15.683333333333334,13994008531.0
12,7,True,False,1,15.0,0.0,15.666666666666666,13605529018.0
13,7,True,False,1,12.0,0.0,15.633333333333333,13316085114.0
14,7,True,False,1,14.0,0.0,15.6,13179219798.0
15,7,True,False,1,17.0,6.0,15.583333333333334,13177190621.0
16,7,True,False,1,12.0,0.0,15.55,13066786566.0
17,7,True,False,1,11.0,0.0,15.516666666666667,13317644524.0
18,7,True,False,1,14.0,3.0,15.483333333333333,13583685850.0
19,7,True,False,1,13.0,0.0,15.45,13588597854.0
20,7,True,False,1,13.0,0.0,15.416666666666666,13451389786.0
21,7,True,False,1,14.0,1.0,15.383333333333333,13357853084.0
22,7,True,False,1,11.0,0.0,15.333333333333334,13173465703.0
23,7,True,False,1,15.0,4.0,15.3,13164702482.0
24,7,True,False,1,16.0,6.0,15.266666666666667,13155929516.0
25,7,True,False,1,14.0,14.0,15.366666666666667,12958035512.0
26,7,True,False,1,11.0,5.0,15.333333333333334,12849423121.0
27,7,True,False,1,13.0,0.0,15.15,12958475110.0
28,7,True,False,1,16.0,13.0,15.1,13108928592.0
29,7,True,False,1,15.0,6.0,15.2,13033457695.0
30,7,True,False,1,11.0,2.0,15.15,12790126254.0
31,7,True,False,1,13.0,1.0,15.1,12861003439.0
1,8,True,False,1,17.0,13.0,15.066666666666666,12814841007.0
2,8,True,False,1,18.0,18.0,14.9,12990723834.0
3,8,True,False,1,15.0,28.0,14.966666666666667,12909613506.0
4,8,True,False,1,12.0,6.0,14.933333333333334,12754578730.0
5,8,True,False,1,12.0,5.0,14.883333333333333,12735247203.0
6,8,True,False,1,13.0,6.0,14.7,12582676108.0
7,8,True,False,1,10.0,3.0,14.783333333333333,12577458987.0
8,8,True,False,1,13.0,0.0,14.733333333333333,12615128514.0
9,8,True,False,1,13.0,0.0,14.683333333333334,12616009525.0
10,8,True,False,1,16.0,0.0,14.633333333333333,12721433002.0
11,8,True,False,1,17.0,13.0,14.45,12950459952.0
12,8,True,False,1,18.0,8.0,14.4,12858279533.0
13,8,True,False,1,14.0,0.0,14.483333333333333,12678870874.0
14,8,True,False,1,17.0,22.0,14.3,12788374403.0
15,8,True,False,1,15.0,6.0,14.25,12748516473.0
16,8,True,False,1,17.0,4.0,14.2,12953483435.0
17,8,True,False,1,17.0,8.0,14.15,13127960201.0
18,8,True,False,1,19.0,3.0,14.1,13443818361.0
19,8,True,False,1,20.0,7.0,14.05,13527400183.0
20,8,True,False,1,19.0,0.0,13.983333333333333,13639002581.0
21,8,True,False,1,19.0,0.0,13.95,14067716293.0
22,8,True,False,1,20.0,0.0,13.9,14373941943.0
23,8,True,False,1,20.0,3.0,13.833333333333334,14604539066.0
24,8,True,False,1,21.0,3.0,13.783333333333333,14564061242.0
25,8,True,False,1,18.0,3.0,13.733333333333333,13908616647.0
26,8,True,False,1,11.0,1.0,13.616666666666667,13342811254.0
27,8,True,False,1,10.0,0.0,13.616666666666667,12968681673.0
28,8,True,False,1,12.0,9.0,13.65,12896501159.0
29,8,True,False,1,10.0,0.0,13.55,12944385563.0
30,8,True,False,1,14.0,1.0,13.55,13006990221.0
31,8,True,False,1,11.0,5.0,13.5,13117616070.0
1,9,True,False,1,14.0,4.0,13.383333333333333,13202303263.0
2,9,True,False,1,16.0,11.0,13.383333333333333,13191685683.0
3,9,True,False,1,17.0,0.0,13.333333333333334,13275673229.0
4,9,True,False,1,17.0,0.0,13.283333333333333,13374167497.0
5,9,True,False,1,20.0,0.0,13.166666666666666,13444644193.0
6,9,True,False,0,20.0,0.0,13.166666666666666,13681718356.0
7,9,True,False,0,19.0,0.0,13.116666666666667,13527660617.0
8,9,True,False,0,20.0,0.0,12.966666666666667,13694607511.0
9,9,True,False,0,20.0,0.0,12.966666666666667,13723669934.0
10,9,True,False,0,20.0,0.0,12.866666666666667,13705555774.0
11,9,True,False,0,19.0,5.0,12.8,13346720516.0
12,9,True,False,0,17.0,4.0,12.8,13150943406.0
13,9,True,False,0,16.0,0.0,12.733333333333333,13197707165.0
14,9,True,False,0,15.0,0.0,12.6,13042016520.0
15,9,True,False,0,15.0,0.0,12.6,13141273447.0
16,9,True,False,0,18.0,1.0,12.55,13242286235.0
17,9,True,False,0,17.0,12.0,12.5,13286200047.0
18,9,True,False,0,16.0,4.0,12.433333333333334,13086091770.0
19,9,True,False,0,12.0,0.0,12.383333333333333,12952833971.0
20,9,True,False,0,13.0,0.0,12.316666666666666,13147526664.0
21,9,True,False,0,15.0,45.0,12.266666666666667,13168561589.0
22,9,True,False,0,11.0,9.0,12.216666666666667,13294735505.0
23,9,True,False,0,9.0,2.0,12.15,13518602138.0
24,9,True,False,0,8.0,0.0,12.116666666666667,13508880372.0
25,9,True,False,0,11.0,0.0,12.033333333333333,13204362742.0
26,9,True,False,0,13.0,0.0,12.05,13062581031.0
27,9,True,False,0,14.0,0.0,11.933333333333334,13226821346.0
28,9,True,False,0,15.0,0.0,11.85,13052796620.0
29,9,True,False,0,17.0,0.0,11.866666666666667,13189973317.0
30,9,True,False,0,11.0,0.0,11.766666666666667,13346473392.0
1,10,True,False,0,14.0,0.0,11.683333333333334,13502678640.0
2,10,True,False,0,15.0,0.0,11.65,13183631858.0
3,10,True,False,0,17.0,6.0,11.6,13121328322.0
4,10,True,False,0,9.0,0.0,11.516666666666667,13583013058.0
5,10,True,False,0,9.0,0.0,11.483333333333333,13720778898.0
6,10,True,False,0,10.0,0.0,11.433333333333334,14104077048.0
7,10,True,False,0,10.0,0.0,11.35,14309745492.0
8,10,True,False,0,14.0,0.0,11.316666666666666,13963553940.0
9,10,True,False,0,14.0,0.0,11.266666666666667,13440603610.0
10,10,True,False,0,15.0,0.0,11.2,13326793527.0
11,10,True,False,0,14.0,0.0,11.166666666666666,13483972283.0
12,10,True,False,0,15.0,0.0,11.116666666666667,13314566510.0
13,10,True,False,0,16.0,0.0,11.05,13420234184.0
14,10,True,False,0,12.0,5.0,11.0,13804700471.0
15,10,True,False,0,9.0,0.0,10.9,14652522533.0
16,10,True,False,0,5.0,0.0,10.833333333333334,16054589347.0
17,10,True,False,0,7.0,0.0,10.733333333333333,16496415280.0
18,10,True,False,0,15.0,20.0,10.716666666666667,15590300198.0
19,10,True,False,0,14.0,17.0,10.766666666666667,14690348638.0
20,10,True,False,0,13.0,39.0,10.666666666666666,15029839023.0
21,10,True,False,1,10.0,21.0,10.616666666666667,16117752792.0
22,10,True,False,1,9.0,1.0,10.566666666666666,16468318206.0
23,10,True,False,1,9.0,11.0,10.566666666666666,18155998440.0
24,10,True,False,1,10.0,6.0,10.45,17320265072.0
25,10,True,False,1,12.0,6.0,10.4,17328447830.0
26,10,True,False,1,13.0,31.0,10.35,17539340232.0
27,10,True,False,1,10.0,9.0,10.3,18533640996.0
28,10,True,False,1,10.0,24.0,10.233333333333333,20018130743.0
29,10,True,False,1,12.0,25.0,10.183333333333334,18307038721.0
30,10,True,False,1,11.0,28.0,10.133333333333333,19195382217.0
31,10,True,False,1,10.0,9.0,10.083333333333334,19037675852.0
1,11,True,False,1,10.0,7.0,10.033333333333333,19266000917.0
2,11,True,False,1,8.0,42.0,9.966666666666667,20469023583.0
3,11,True,False,1,5.0,5.0,9.933333333333334,22389807301.0
4,11,True,False,1,8.0,23.0,9.883333333333333,22654306531.0
5,11,True,False,1,10.0,15.0,9.833333333333334,21809262679.0
6,11,True,False,1,8.0,16.0,9.8,21973057751.0
7,11,True,False,1,6.0,10.0,9.616666666666667,22613829982.0
8,11,True,False,0,6.0,5.0,9.566666666666666,23211543743.0
9,11,True,False,0,8.0,22.0,9.516666666666667,23164207673.0
10,11,True,False,0,5.0,9.0,9.466666666666667,24031451143.0
11,11,True,False,0,5.0,4.0,9.433333333333334,24429610874.0
12,11,True,False,0,10.0,16.0,9.366666666666667,23504255604.0
13,11,True,False,0,14.0,10.0,9.333333333333334,20916980317.0
14,11,True,False,0,11.0,22.0,9.283333333333333,20484818505.0
15,11,True,False,0,8.0,3.0,9.25,21203958065.0
16,11,True,False,0,8.0,7.0,9.183333333333334,22598802647.0
17,11,True,False,0,6.0,5.0,9.15,22955360697.0
18,11,True,False,0,8.0,3.0,9.1,23238835546.0
19,11,True,False,0,12.0,6.0,9.066666666666666,21589927520.0
20,11,True,False,0,9.0,6.0,9.15,22145340427.0
21,11,True,False,0,8.0,6.0,8.983333333333333,22738604723.0
22,11,True,False,0,6.0,1.0,9.083333333333334,24253879113.0
23,11,True,False,0,4.0,0.0,8.9,25615116597.0
24,11,True,False,0,6.0,3.0,8.866666666666667,25409676528.0
25,11,True,False,0,1.0,0.0,8.983333333333333,28400229734.0
26,11,True,False,0,2.0,0.0,8.8,30602388946.0
27,11,True,False,0,3.0,21.0,8.9,29865530716.0
28,11,True,False,0,5.0,6.0,8.866666666666667,28731415523.0
29,11,True,False,0,2.0,10.0,8.7,30241115269.0
30,11,True,False,0,3.0,13.0,8.8,29496723078.0
1,12,True,False,0,3.0,1.0,8.783333333333333,30230855176.0
2,12,True,False,0,-2.0,0.0,8.75,34045677997.0
3,12,True,False,0,-1.0,0.0,8.733333333333333,35482440425.0
4,12,True,False,0,4.0,8.0,8.55,32600389660.0
5,12,True,False,0,5.0,7.0,8.666666666666666,30599515987.0
6,12,True,False,0,3.0,1.0,8.65,31283308227.0
7,12,True,False,0,1.0,7.0,8.616666666666667,32411909590.0
8,12,True,False,0,8.0,3.0,8.6,29059729934.0
9,12,True,False,0,7.0,32.0,8.583333333333334,28597705595.0
10,12,True,False,0,7.0,8.0,8.566666666666666,26889844124.0
11,12,True,False,0,12.0,16.0,8.55,24778627249.0
12,12,True,False,0,11.0,30.0,8.533333333333333,24218688092.0
13,12,True,False,0,8.0,14.0,8.516666666666667,26053312760.0
14,12,True,False,0,6.0,3.0,8.516666666666667,27748783806.0
15,12,True,False,0,7.0,2.0,8.5,27477012845.0
16,12,True,False,0,3.0,0.0,8.483333333333333,29561675616.0
17,12,True,False,0,2.0,0.0,8.483333333333333,32074640577.0
18,12,True,False,0,2.0,0.0,8.483333333333333,32842639853.0
19,12,True,False,0,2.0,2.0,8.466666666666667,32128809459.0
20,12,True,False,0,4.0,9.0,8.466666666666667,30384739417.0
21,12,True,False,0,8.0,6.0,8.466666666666667,28645993175.0
22,12,True,False,0,10.0,4.0,8.466666666666667,27398615079.0
23,12,True,False,1,6.0,1.0,8.466666666666667,27136338433.0
24,12,True,False,1,6.0,0.0,8.466666666666667,26884361427.0
25,12,True,False,1,8.0,0.0,8.483333333333333,25894013567.0
26,12,True,False,1,9.0,3.0,8.483333333333333,27039588218.0
27,12,True,False,1,6.0,0.0,8.483333333333333,28048946232.0
28,12,True,False,1,8.0,5.0,8.5,27489073064.0
29,12,True,False,1,7.0,5.0,8.516666666666667,26706787364.0
30,12,True,False,1,8.0,1.0,8.516666666666667,26494119347.0
31,12,True,False,1,7.0,9.0,8.533333333333333,27810117926.0
1,1,True,False,1,6.0,8.0,8.55,27290593081.0
2,1,True,False,1,9.0,21.0,8.566666666666666,27139995798.0
3,1,True,False,1,9.0,6.0,8.583333333333334,26085187744.0
4,1,True,False,1,6.0,8.0,8.6,26587908985.0
5,1,True,False,1,5.0,2.0,8.616666666666667,27661457102.0
6,1,True,False,1,2.0,3.0,8.65,30641776899.0
7,1,True,False,1,2.0,4.0,8.666666666666666,33515331939.0
8,1,True,False,1,-2.0,0.0,8.55,38452819319.0
9,1,True,False,1,-2.0,2.0,8.716666666666667,41114825706.0
10,1,True,False,0,-4.0,0.0,8.733333333333333,41716338019.0
11,1,True,False,0,0.0,0.0,8.783333333333333,40389617828.0
12,1,True,False,0,-2.0,0.0,8.8,41297099710.0
13,1,True,False,0,-2.0,0.0,8.833333333333334,43559370572.0
14,1,True,False,0,-1.0,0.0,8.866666666666667,43119108611.0
15,1,True,False,0,0.0,4.0,8.9,39707208235.0
16,1,True,False,0,-2.0,0.0,8.8,41927581222.0
17,1,True,False,0,9.0,40.0,8.833333333333334,34012245401.0
18,1,True,False,0,0.0,41.0,9.0,34310113896.0
19,1,True,False,0,-2.0,0.0,9.05,40316236672.0
20,1,True,False,0,-3.0,0.0,8.95,42416634796.0
21,1,True,False,0,0.0,2.0,8.983333333333333,39149707501.0
22,1,True,False,0,8.0,15.0,9.033333333333333,30820847638.0
23,1,True,False,0,6.0,1.0,9.066666666666666,28903577415.0
24,1,True,False,0,11.0,4.0,9.116666666666667,24673147477.0
25,1,True,False,0,10.0,6.0,9.15,23298281070.0
26,1,True,False,0,9.0,7.0,9.2,24747722196.0
27,1,True,False,0,1.0,0.0,9.233333333333333,30024662849.0
28,1,True,False,0,3.0,0.0,9.283333333333333,30669264929.0
29,1,True,False,0,6.0,0.0,9.333333333333334,27742251038.0
30,1,True,False,0,8.0,0.0,9.383333333333333,25620485895.0
31,1,True,False,0,6.0,0.0,9.416666666666666,25696121338.0
1,2,True,False,0,7.0,4.0,9.466666666666667,25568548906.0
2,2,True,False,0,5.0,0.0,9.65,26513629028.0
3,2,True,False,0,8.0,0.0,9.566666666666666,27615873262.0
4,2,True,False,0,8.0,0.0,9.75,27097833875.0
5,2,True,False,0,5.0,0.0,9.783333333333333,27682005718.0
6,2,True,False,0,8.0,0.0,9.716666666666667,26954729907.0
7,2,True,False,0,9.0,18.0,9.883333333333333,25879842859.0
8,2,True,False,0,10.0,12.0,9.816666666666666,23849738505.0
9,2,True,False,0,9.0,20.0,9.983333333333333,24116578875.0
10,2,True,False,0,7.0,17.0,10.033333333333333,26176310169.0
11,2,True,False,0,7.0,6.0,10.1,26994180872.0
12,2,True,False,0,4.0,0.0,10.133333333333333,27547404450.0
13,2,True,False,0,3.0,1.0,10.2,28307103379.0
14,2,True,False,0,8.0,0.0,10.233333333333333,23578649258.0
15,2,True,False,0,8.0,0.0,10.3,21399151701.0
16,2,True,False,0,10.0,4.0,10.333333333333334,21577029450.0
17,2,True,False,0,5.0,0.0,10.4,22804709720.0
18,2,True,False,0,6.0,8.0,10.466666666666667,25275995182.0
19,2,True,False,0,6.0,0.0,10.5,24040177685.0
20,2,True,False,0,6.0,0.0,10.55,25364118811.0
21,2,True,False,0,7.0,18.0,10.566666666666666,26696651834.0
22,2,True,False,0,10.0,29.0,10.65,25473968253.0
23,2,True,False,0,4.0,9.0,10.633333333333333,29075847786.0
24,2,True,False,1,1.0,10.0,10.683333333333334,30285493271.0
25,2,True,False,1,3.0,13.0,10.8,29253488483.0
26,2,True,False,1,7.0,23.0,10.833333333333334,27175380213.0
27,2,True,False,1,5.0,4.0,10.983333333333333,29081058138.0
28,2,True,False,1,1.0,0.0,10.9,28868402876.0
29,2,True,False,1,7.0,9.0,11.016666666666667,26874884487.0
1,3,True,False,1,3.0,12.0,11.05,27904376294.0
2,3,True,False,1,5.0,23.0,11.166666666666666,28422369740.0
3,3,True,False,1,3.0,2.0,11.216666666666667,28284961227.0
4,3,True,False,1,1.0,6.0,11.283333333333333,28440820625.0
5,3,True,False,1,4.0,8.0,11.333333333333334,26859271254.0
6,3,True,False,1,2.0,1.0,11.4,27267458533.0
7,3,True,False,1,1.0,0.0,11.45,26780093925.0
8,3,True,False,1,2.0,6.0,11.5,26609430090.0
9,3,True,False,1,6.0,16.0,11.566666666666666,26900294232.0
10,3,True,False,1,5.0,16.0,11.616666666666667,26286991517.0
11,3,True,False,1,4.0,7.0,11.683333333333334,25564385685.0
12,3,True,False,1,4.0,7.0,11.733333333333333,24531391900.0
13,3,True,False,0,7.0,0.0,11.8,22662836620.0
14,3,True,False,0,6.0,0.0,11.85,21319959856.0
15,3,True,False,0,10.0,6.0,11.833333333333334,19812297956.0
16,3,True,False,0,8.0,2.0,11.95,20123366467.0
17,3,True,False,0,10.0,4.0,11.95,19572723047.0
18,3,True,False,0,10.0,17.0,12.083333333333334,18103599490.0
19,3,True,False,0,9.0,0.0,12.066666666666666,18433011020.0
20,3,True,False,0,8.0,0.0,12.2,18089775515.0
21,3,True,False,0,10.0,3.0,12.183333333333334,16508029798.0
22,3,True,False,0,8.0,1.0,12.283333333333333,16596625326.0
23,3,True,False,0,4.0,10.0,12.366666666666667,19876840947.0
24,3,True,False,0,4.0,6.0,12.4,22556164682.0
25,3,True,False,0,2.0,3.0,12.483333333333333,23047757237.0
26,3,True,False,0,6.0,40.0,12.516666666666667,23119214284.0
27,3,True,False,0,4.0,4.0,12.616666666666667,24340728838.0
28,3,True,False,0,3.0,16.0,12.716666666666667,24230327490.0
29,3,True,False,0,8.0,33.0,12.683333333333334,23153288382.0
30,3,True,False,0,6.0,16.0,12.733333333333333,23663868637.0
31,3,True,False,0,6.0,16.0,12.8,22602008868.0
1,4,True,False,0,6.0,16.0,12.85,22153109926.0
2,4,True,False,0,7.0,7.0,12.9,22072465524.0
3,4,True,False,0,9.0,22.0,13.05,20247175883.0
4,4,True,False,0,10.0,20.0,13.066666666666666,18722662872.0
5,4,True,False,0,12.0,1.0,13.083333333333334,17398891334.0
6,4,True,False,0,10.0,2.0,13.183333333333334,16270166642.0
7,4,True,False,0,11.0,5.0,13.233333333333333,15959343943.0
8,4,True,False,0,10.0,21.0,13.266666666666667,15801719408.0
9,4,True,False,0,6.0,7.0,13.283333333333333,17508874873.0
10,4,True,False,0,2.0,0.0,13.383333333333333,18835841737.0
11,4,True,False,0,8.0,0.0,13.4,17255242273.0
12,4,True,False,0,10.0,0.0,13.45,15811580695.0
13,4,True,False,0,11.0,0.0,13.516666666666667,14737472791.0
14,4,True,False,0,10.0,0.0,13.566666666666666,14248822848.0
15,4,True,False,0,8.0,7.0,13.633333333333333,15208173157.0
16,4,True,False,0,4.0,5.0,13.666666666666666,18007414824.0
17,4,True,False,0,2.0,6.0,13.716666666666667,20164126560.0
18,4,True,False,0,2.0,4.0,13.783333333333333,20833015996.0
19,4,True,False,0,2.0,5.0,13.833333333333334,20711072121.0
20,4,True,False,1,1.0,0.0,13.9,20914067974.0
21,4,True,False,1,0.0,4.0,13.95,22654856991.0
22,4,True,False,1,0.0,0.0,14.0,23136672921.0
23,4,True,False,1,0.0,3.0,14.05,23032678695.0
24,4,True,False,1,3.0,8.0,14.1,23199285389.0
25,4,True,False,1,3.0,6.0,14.166666666666666,21647929897.0
26,4,True,False,1,6.0,7.0,14.216666666666667,20087716561.0
27,4,True,False,1,7.0,42.0,14.266666666666667,19558253410.0
28,4,True,False,1,8.0,6.0,14.433333333333334,18773099976.0
29,4,True,False,1,5.0,3.0,14.366666666666667,18101478425.0
30,4,True,False,1,10.0,11.0,14.55,17176210208.0
1,5,True,False,1,10.0,40.0,14.466666666666667,17872565942.0
2,5,True,False,1,7.0,6.0,14.65,19237435394.0
3,5,True,False,1,4.0,8.0,14.683333333333334,19094905112.0
4,5,True,False,1,6.0,6.0,14.616666666666667,19766157234.0
5,5,True,False,1,11.0,18.0,14.8,18089169680.0
6,5,True,False,1,8.0,10.0,14.833333333333334,17328196555.0
7,5,True,False,1,9.0,10.0,14.9,16751846247.0
8,5,True,False,0,7.0,0.0,14.933333333333334,15952884359.0
9,5,True,False,1,7.0,0.0,14.866666666666667,15216739251.0
10,5,True,False,1,9.0,0.0,15.033333333333333,14213584492.0
11,5,True,False,1,11.0,2.0,15.066666666666666,13570464433.0
12,5,True,False,1,13.0,14.0,14.983333333333333,13561680166.0
13,5,True,False,1,12.0,6.0,15.166666666666666,13281753623.0
14,5,True,False,1,11.0,28.0,15.2,13691510813.0
15,5,True,False,0,8.0,8.0,15.116666666666667,14241839577.0
16,5,True,False,0,7.0,6.0,15.15,14348589157.0
17,5,True,False,0,7.0,11.0,15.333333333333334,14485065023.0
18,5,True,False,0,10.0,12.0,15.25,14549132668.0
19,5,True,False,0,10.0,9.0,15.283333333333333,14030574520.0
20,5,True,False,0,11.0,21.0,15.316666666666666,14498270110.0
21,5,True,False,0,11.0,15.0,15.35,14369250109.0
22,5,True,False,0,9.0,11.0,15.533333333333333,14313903710.0
23,5,True,False,0,9.0,8.0,15.433333333333334,14226194018.0
24,5,True,False,0,10.0,18.0,15.466666666666667,14399877701.0
25,5,True,False,0,8.0,2.0,15.5,14301509328.0
26,5,True,False,0,12.0,6.0,15.533333333333333,13775159613.0
27,5,True,False,0,8.0,6.0,15.566666666666666,13837129336.0
28,5,True,False,0,8.0,5.0,15.583333333333334,14091649626.0
29,5,True,False,0,11.0,13.0,15.616666666666667,14548679916.0
30,5,True,False,0,9.0,14.0,15.65,14483885290.0
31,5,True,False,0,10.0,6.0,15.683333333333334,15005929455.0
1,6,True,False,0,11.0,6.0,15.7,15454675544.0
2,6,True,False,0,10.0,4.0,15.733333333333333,15850320225.0
3,6,True,False,0,8.0,4.0,15.75,14459484370.0
4,6,True,False,0,11.0,4.0,15.766666666666667,13537755555.0
5,6,True,False,0,11.0,3.0,15.883333333333333,13406582653.0
6,6,True,False,0,10.0,2.0,15.816666666666666,13235409954.0
7,6,True,False,0,8.0,0.0,15.833333333333334,13246757500.0
8,6,True,False,0,10.0,1.0,15.85,13436476684.0
9,6,True,False,0,10.0,2.0,15.866666666666667,13393440744.0
10,6,True,False,0,8.0,6.0,15.883333333333333,13355746139.0
11,6,True,False,0,8.0,8.0,16.0,13462487648.0
12,6,True,False,0,6.0,5.0,15.916666666666666,13806011996.0
13,6,True,False,0,7.0,1.0,15.916666666666666,13618977896.0
14,6,True,False,0,11.0,23.0,15.933333333333334,13554115808.0
15,6,True,False,0,9.0,7.0,16.033333333333335,13888092785.0
16,6,True,False,0,11.0,17.0,15.933333333333334,14186513375.0
17,6,True,False,0,14.0,10.0,15.95,13464663027.0
18,6,True,False,0,15.0,18.0,15.95,13171059223.0
19,6,True,False,0,14.0,7.0,15.95,13386539672.0
20,6,True,False,0,15.0,33.0,15.966666666666667,13299149399.0
21,6,True,False,0,14.0,26.0,15.95,13446944552.0
22,6,True,False,0,13.0,15.0,16.05,13536150344.0
23,6,True,False,0,10.0,0.0,15.95,13436573704.0
24,6,True,False,0,12.0,1.0,15.95,13135957354.0
25,6,True,False,0,15.0,2.0,15.933333333333334,13143940176.0
26,6,True,False,0,17.0,4.0,15.933333333333334,13495058098.0
27,6,True,False,0,19.0,4.0,15.916666666666666,13511237537.0
28,6,True,False,0,13.0,3.0,16.016666666666666,13171702130.0
29,6,True,False,0,14.0,22.0,15.9,13211688768.0
30,6,True,False,0,12.0,21.0,15.9,11841249882.0
1,1,False,True,0,10.0,0.0,8.116666666666667,47447262745.0
2,1,False,True,0,9.0,2.0,8.133333333333333,48625646836.0
3,1,False,True,0,8.6,7.3,8.15,49221598001.0
4,1,False,True,0,1.8,74.8,8.15,50994142374.0
5,1,False,True,0,1.0,3.3000000000000003,8.216666666666667,58155308012.0
6,1,False,True,0,0.4,0.0,8.233333333333333,62199134556.0
7,1,False,True,0,2.0,9.2,8.266666666666667,62516704144.0
8,1,False,True,0,1.0,13.3,8.25,60328945286.0
9,1,False,True,0,2.6,1.5,8.333333333333334,59292485023.0
10,1,False,True,0,3.0,0.0,8.35,59448131137.0
11,1,False,True,0,0.0,0.0,8.35,61447089353.0
12,1,False,True,0,2.4,0.0,8.416666666666666,64242436169.0
13,1,False,True,0,0.2,0.0,8.45,65907196366.0
14,1,False,True,0,2.2,0.0,8.5,67523916571.0
15,1,False,True,0,1.8,0.0,8.516666666666667,69156271928.0
16,1,False,True,0,1.2,0.7,8.516666666666667,68377563183.0
17,1,False,True,0,3.0,0.0,8.6,64545598838.0
18,1,False,True,0,2.0,0.0,8.616666666666667,64213066353.0
19,1,False,True,0,0.2,1.4,8.65,63892848967.0
20,1,False,True,0,1.6,2.7,8.733333333333333,62759227428.0
21,1,False,True,0,0.8,0.5,8.733333333333333,65193789814.0
22,1,False,True,0,0.8,0.0,8.816666666666666,65803279305.0
23,1,False,True,0,2.2,0.0,8.833333333333334,64708112550.0
24,1,False,True,0,0.6,0.0,8.866666666666667,65137542223.0
25,1,False,True,0,0.8,0.0,8.95,67129674269.0
26,1,False,True,0,0.6,0.0,8.983333333333333,67906805501.0
27,1,False,True,0,0.8,0.6,9.033333333333333,66680435187.0
28,1,False,True,0,2.8,0.0,9.066666666666666,64166691600.0
29,1,False,True,0,4.2,0.0,9.133333333333333,61696039354.0
30,1,False,True,0,2.2,0.1,9.183333333333334,58500613832.0
31,1,False,True,0,2.6,1.3,9.216666666666667,59186758504.0
1,2,False,True,0,1.6,0.1,9.283333333333333,60196542931.0
2,2,False,True,0,8.0,0.1,9.333333333333334,54966698266.0
3,2,False,True,0,6.8,0.0,9.4,55118667152.0
4,2,False,True,0,3.2,0.5,9.433333333333334,55155430970.0
5,2,False,True,1,2.0,0.0,9.5,56458176450.0
6,2,False,True,1,6.4,10.3,9.55,56883740807.0
7,2,False,True,1,1.4,0.3,9.616666666666667,53761213341.0
8,2,False,True,1,2.8,0.0,9.666666666666666,54518507493.0
9,2,False,True,1,6.0,0.0,9.716666666666667,54430285357.0
10,2,False,True,1,4.0,4.0,9.783333333333333,54100778566.0
11,2,False,True,1,1.6,0.2,9.85,56217712469.0
12,2,False,True,1,-0.2,0.0,9.883333333333333,59510664481.0
13,2,False,True,1,0.2,6.8,9.933333333333334,57349024112.0
14,2,False,True,1,5.2,4.0,10.016666666666667,53956003489.0
15,2,False,True,1,2.8,2.6,10.083333333333334,55623413225.0
16,2,False,True,1,8.6,6.5,10.133333333333333,52590135908.0
17,2,False,True,1,7.0,1.0,10.166666666666666,48033610085.0
18,2,False,True,1,6.2,3.0,10.233333333333333,48893681982.0
19,2,False,True,1,3.2,8.9,10.283333333333333,53105337693.0
20,2,False,True,1,6.8,3.5,10.35,51880533404.0
21,2,False,True,1,3.8,3.2,10.433333333333334,53083008587.0
22,2,False,True,0,4.8,0.3,10.483333333333333,52090232558.0
23,2,False,True,0,3.8,0.4,10.55,50600649558.0
24,2,False,True,0,3.0,1.4,10.616666666666667,51627971050.0
25,2,False,True,0,1.8,0.3,10.666666666666666,54594379965.0
26,2,False,True,0,0.8,0.0,10.733333333333333,56143408813.0
27,2,False,True,0,-0.4,0.0,10.75,56069872207.0
28,2,False,True,0,-0.2,0.0,10.816666666666666,53746923685.0
1,3,False,True,0,1.8,0.0,10.9,52377881575.0
2,3,False,True,0,4.8,1.6,11.0,51468928316.0
3,3,False,True,0,3.8,0.0,11.066666666666666,49488084316.0
4,3,False,True,0,2.6,0.0,11.116666666666667,50212728265.0
5,3,False,True,0,1.0,0.0,11.15,52906673384.0
6,3,False,True,0,0.4,0.0,11.2,55201595383.0
7,3,False,True,0,0.2,0.0,11.266666666666667,57544461924.0
8,3,False,True,0,-0.4,0.0,11.433333333333334,56075273914.0
9,3,False,True,0,3.0,0.0,11.483333333333333,51683498569.0
10,3,False,True,0,3.8,0.0,11.55,48344492570.0
11,3,False,True,0,7.8,1.4,11.55,48381245335.0
12,3,False,True,0,7.0,1.0,11.666666666666666,49411124909.0
13,3,False,True,0,6.0,3.2,11.716666666666667,50248514071.0
14,3,False,True,0,3.4,0.1,11.7,48667253924.0
15,3,False,True,0,7.0,14.6,11.766666666666667,45748917918.0
16,3,False,True,0,7.2,0.0,11.816666666666666,45599487733.0
17,3,False,True,0,5.6,0.0,11.983333333333333,46818813929.0
18,3,False,True,0,2.4,0.0,12.033333333333333,47902436148.0
19,3,False,True,0,4.2,0.0,12.1,46147389081.0
20,3,False,True,0,1.8,0.0,12.25,46143175960.0
21,3,False,True,0,4.8,0.1,12.216666666666667,43091929807.0
22,3,False,True,0,6.4,0.0,12.366666666666667,41646451723.0
23,3,False,True,0,6.4,0.0,12.35,41886569095.0
24,3,False,True,0,7.0,0.0,12.5,41041971869.0
25,3,False,True,0,6.6,0.0,12.466666666666667,39886757492.0
26,3,False,True,0,6.0,0.0,12.516666666666667,39077041085.0
27,3,False,True,0,6.2,0.0,12.583333333333334,36192186114.0
28,3,False,True,0,7.8,0.0,12.65,36791199433.0
29,3,False,True,0,10.6,8.0,12.8,36889910872.0
30,3,False,True,0,4.8,18.9,12.783333333333333,39946308960.0
31,3,False,True,0,2.0,23.5,12.933333333333334,44809144123.0
1,4,False,True,0,-0.4,18.4,12.9,55226234660.0
2,4,False,True,0,0.0,1.6,13.016666666666667,58320322904.0
3,4,False,True,0,-2.0,0.0,13.016666666666667,57814322926.0
4,4,False,True,0,0.4,0.3,13.133333333333333,55070743555.0
5,4,False,True,0,7.6,1.1,13.233333333333333,49539773274.0
6,4,False,True,0,8.0,1.8,13.3,47100517250.0
7,4,False,True,0,6.0,6.5,13.333333333333334,44827701242.0
8,4,False,True,0,4.0,5.1,13.416666666666666,45812099010.0
9,4,False,True,1,2.0,0.9,13.45,47587350190.0
10,4,False,True,1,0.8,0.0,13.45,46176414000.0
11,4,False,True,1,3.0,0.0,13.6,41651462459.0
12,4,False,True,1,7.2,0.0,13.633333333333333,37909944930.0
13,4,False,True,1,9.6,0.0,13.716666666666667,36980662047.0
14,4,False,True,1,8.0,0.0,13.75,34663739783.0
15,4,False,True,1,9.2,0.0,13.816666666666666,33042497340.0
16,4,False,True,1,8.6,0.0,13.9,32230951952.0
17,4,False,True,1,4.6,0.0,13.933333333333334,31697105996.0
18,4,False,True,1,5.0,0.0,14.016666666666667,32248544405.0
19,4,False,True,1,7.0,0.0,14.05,33781899653.0
20,4,False,True,1,6.8,0.0,14.116666666666667,34909738551.0
21,4,False,True,1,4.4,0.0,14.183333333333334,34419786292.0
22,4,False,True,1,6.0,0.2,14.233333333333333,33588043126.0
23,4,False,True,1,10.6,1.0,14.3,34753727202.0
24,4,False,True,1,8.2,2.6,14.35,35396855159.0
25,4,False,True,1,6.4,1.8,14.416666666666666,34991753266.0
26,4,False,True,0,5.2,0.0,14.483333333333333,34505055904.0
27,4,False,True,0,3.2,0.0,14.533333333333333,34005311267.0
28,4,False,True,0,5.2,0.0,14.6,32961020756.0
29,4,False,True,0,7.4,0.0,14.65,32457021112.0
30,4,False,True,0,4.6,0.0,14.716666666666667,32845051776.0
1,5,False,True,0,5.0,0.0,14.783333333333333,32988246354.0
2,5,False,True,0,7.4,0.0,14.833333333333334,32169293803.0
3,5,False,True,0,5.8,0.0,14.883333333333333,31551930452.0
4,5,False,True,0,4.8,0.6,14.933333333333334,31890997255.0
5,5,False,True,0,7.8,0.1,15.0,31695633459.0
6,5,False,True,0,8.0,0.1,15.033333333333333,31495891594.0
7,5,False,True,0,9.0,2.0,15.1,30896015794.0
8,5,False,True,0,9.2,0.0,15.116666666666667,30381546840.0
9,5,False,True,0,7.4,0.0,15.2,29503149252.0
10,5,False,True,0,12.8,0.0,15.216666666666667,28741686494.0
11,5,False,True,0,10.4,0.0,15.3,28891948421.0
12,5,False,True,0,8.2,0.6000000000000001,15.316666666666666,28652804095.0
13,5,False,True,0,7.0,0.0,15.4,28802123060.0
14,5,False,True,0,7.0,0.0,15.416666666666666,28971009688.0
15,5,False,True,0,10.6,0.6,15.5,28517917047.0
16,5,False,True,0,14.6,10.8,15.55,28218818602.0
17,5,False,True,0,13.4,0.0,15.55,28183568444.0
18,5,False,True,0,14.6,0.7,15.6,28749393974.0
19,5,False,True,0,13.6,13.4,15.683333333333334,28385726077.0
20,5,False,True,0,11.6,8.8,15.733333333333333,28616472773.0
21,5,False,True,0,9.4,0.0,15.733333333333333,28589725957.0
22,5,False,True,0,9.2,0.0,15.766666666666667,28525174830.0
23,5,False,True,0,12.2,14.0,15.8,28383738921.0
24,5,False,True,0,9.0,2.5,15.85,28382860358.0
25,5,False,True,0,7.2,0.0,15.883333333333333,28777410967.0
26,5,False,True,1,9.8,0.0,15.916666666666666,28286378672.0
27,5,False,True,1,10.0,0.3,15.966666666666667,28375057528.0
28,5,False,True,1,7.6,0.1,16.0,28214122407.0
29,5,False,True,1,4.6,0.6,16.033333333333335,28491761836.0
30,5,False,True,1,5.2,0.0,16.066666666666666,28795696955.0
31,5,False,True,0,8.8,0.2,16.1,28562682813.0
1,6,False,True,0,7.0,0.0,16.116666666666667,28695905158.0
2,6,False,True,0,7.2,0.0,16.15,28216144134.0
3,6,False,True,0,10.2,0.1,16.183333333333334,28281934939.0
4,6,False,True,0,13.4,11.7,16.2,28190350269.0
5,6,False,True,0,14.8,24.1,16.233333333333334,27722838708.0
6,6,False,True,0,11.0,1.0,16.233333333333334,28124849098.0
7,6,False,True,0,12.2,6.0,16.266666666666666,28011029651.0
8,6,False,True,0,11.2,9.7,16.283333333333335,28315838162.0
9,6,False,True,0,10.6,3.4,16.316666666666666,27895962522.0
10,6,False,True,0,12.0,0.0,16.316666666666666,28031448062.0
11,6,False,True,0,13.4,0.0,16.333333333333332,28108705087.0
12,6,False,True,0,9.6,0.0,16.416666666666668,28005272654.0
13,6,False,True,0,9.6,0.0,16.366666666666667,28242921466.0
14,6,False,True,0,9.0,0.0,16.383333333333333,28372923113.0
15,6,False,True,0,12.0,0.0,16.383333333333333,29049050834.0
16,6,False,True,0,13.4,0.0,16.4,29223842112.0
17,6,False,True,0,16.0,0.0,16.4,30050026925.0
18,6,False,True,0,18.8,0.1,16.416666666666668,30310079122.0
19,6,False,True,0,14.2,2.4000000000000004,16.416666666666668,29513440279.0
20,6,False,True,0,11.4,0.0,16.416666666666668,28953565123.0
21,6,False,True,0,9.6,0.0,16.466666666666665,28499492041.0
22,6,False,True,0,13.4,0.0,16.416666666666668,28559106510.0
23,6,False,True,0,15.8,1.8,16.416666666666668,28189584244.0
24,6,False,True,0,15.4,8.2,16.416666666666668,28046192023.0
25,6,False,True,0,13.2,4.300000000000001,16.45,28020044479.0
26,6,False,True,0,10.4,0.0,16.4,28058670604.0
27,6,False,True,0,13.2,2.2,16.45,28017748055.0
28,6,False,True,0,10.0,0.0,16.383333333333333,27780825094.0
29,6,False,True,0,13.6,0.0,16.4,28165796149.0
30,6,False,True,0,12.2,16.9,16.35,28201549251.0
1,7,False,True,0,9.0,0.2,16.333333333333332,26800767933.0
2,7,False,True,0,10.8,0.0,16.383333333333333,26772527068.0
3,7,False,True,0,10.8,0.0,16.3,26587693064.0
4,7,False,True,0,10.6,0.0,16.283333333333335,26834964359.0
5,7,False,True,0,11.2,0.0,16.3,26936085798.0
6,7,False,True,0,9.8,0.0,16.25,27066460482.0
7,7,False,True,1,14.0,0.1,16.216666666666665,26854376532.0
8,7,False,True,1,9.2,0.0,16.2,26977207394.0
9,7,False,True,1,14.2,0.0,16.166666666666668,26783212767.0
10,7,False,True,1,10.6,0.0,16.133333333333333,26370068740.0
11,7,False,True,1,13.2,0.0,16.116666666666667,26818943416.0
12,7,False,True,1,16.4,0.0,16.083333333333332,27296534350.0
13,7,False,True,1,19.6,0.0,16.05,27496188832.0
14,7,False,True,1,16.0,0.0,16.016666666666666,27020433300.0
15,7,False,True,1,11.6,0.0,15.983333333333333,27179614855.0
16,7,False,True,1,12.8,0.0,15.95,26765806277.0
17,7,False,True,1,12.6,0.0,15.933333333333334,26837747809.0
18,7,False,True,1,19.6,0.0,15.916666666666666,28235745284.0
19,7,False,True,1,21.8,0.0,15.883333333333333,28696579799.0
20,7,False,True,1,18.8,4.2,15.8,27677440710.0
21,7,False,True,1,15.2,1.5,15.766666666666667,27262939119.0
22,7,False,True,1,13.0,1.9,15.733333333333333,27266384523.0
23,7,False,True,1,14.6,0.9,15.733333333333333,26699158073.0
24,7,False,True,1,15.2,0.0,15.683333333333334,26662692871.0
25,7,False,True,1,17.2,0.0,15.6,26790224692.0
26,7,False,True,1,13.8,0.3,15.6,26192132091.0
27,7,False,True,1,9.6,0.0,15.55,26010695156.0
28,7,False,True,1,12.8,0.0,15.466666666666667,25955803325.0
29,7,False,True,1,18.0,0.0,15.45,25849465300.0
30,7,False,True,1,14.8,0.0,15.4,25880738778.0
31,7,False,True,1,15.2,0.6,15.316666666666666,25785448914.0
1,8,False,True,1,15.6,0.0,15.316666666666666,26362738189.0
2,8,False,True,1,15.0,0.0,15.25,26660959102.0
3,8,False,True,1,17.0,0.0,15.216666666666667,27202053507.0
4,8,False,True,1,17.8,0.8,15.15,27150256888.0
5,8,False,True,1,14.6,0.2,15.1,26715383588.0
6,8,False,True,1,9.8,0.0,15.05,26014064050.0
7,8,False,True,1,10.6,0.0,15.0,25535573081.0
8,8,False,True,1,11.8,0.0,14.933333333333334,25802602039.0
9,8,False,True,1,13.4,0.0,14.883333333333333,26108754022.0
10,8,False,True,1,15.2,0.0,14.833333333333334,26437189294.0
11,8,False,True,1,17.8,0.0,14.783333333333333,26674812594.0
12,8,False,True,1,18.6,0.0,14.716666666666667,27136247910.0
13,8,False,True,1,18.6,0.0,14.666666666666666,26578922209.0
14,8,False,True,1,18.6,0.0,14.6,25344569977.0
15,8,False,True,1,18.4,2.2,14.55,25093640954.0
16,8,False,True,1,16.2,0.3,14.483333333333333,25721369236.0
17,8,False,True,1,16.4,6.8,14.433333333333334,25369043864.0
18,8,False,True,1,15.8,6.5,14.366666666666667,25216059525.0
19,8,False,True,1,16.6,4.1,14.3,25502366412.0
20,8,False,True,1,13.0,0.6000000000000001,14.25,25601260964.0
21,8,False,True,1,12.6,0.0,14.183333333333334,25628024677.0
22,8,False,True,1,16.4,0.0,14.133333333333333,26042414410.0
23,8,False,True,1,15.8,0.0,14.066666666666666,26509801793.0
24,8,False,True,1,18.0,0.0,14.016666666666667,27088320292.0
25,8,False,True,1,19.4,0.0,13.95,27161758135.0
26,8,False,True,1,16.0,0.6,13.9,27091860894.0
27,8,False,True,1,12.8,0.0,13.85,26855713753.0
28,8,False,True,1,12.4,0.0,13.8,26819351676.0
29,8,False,True,1,13.0,0.0,13.733333333333333,27314366394.0
30,8,False,True,1,13.0,0.0,13.683333333333334,27394056252.0
31,8,False,True,1,13.2,0.0,13.583333333333334,27342841678.0
1,9,False,True,1,15.4,0.0,13.533333333333333,27283270428.0
2,9,False,True,0,16.2,7.199999999999999,13.466666666666667,27135964833.0
3,9,False,True,0,14.2,4.5,13.35,27130196032.0
4,9,False,True,0,14.6,0.0,13.383333333333333,27217274170.0
5,9,False,True,0,16.6,4.0,13.316666666666666,27380707491.0
6,9,False,True,0,16.2,1.7000000000000002,13.233333333333333,27436661573.0
7,9,False,True,0,14.6,1.9,13.166666666666666,27656115306.0
8,9,False,True,0,14.0,4.2,13.15,27111871226.0
9,9,False,True,0,12.6,5.0,12.983333333333333,27309948132.0
10,9,False,True,0,14.2,6.0,12.933333333333334,27443304070.0
11,9,False,True,0,13.0,0.0,12.866666666666667,27291856760.0
12,9,False,True,0,13.4,0.0,12.866666666666667,27298126712.0
13,9,False,True,0,18.0,0.5,12.833333333333334,27670449491.0
14,9,False,True,0,15.8,9.2,12.783333333333333,28068242931.0
15,9,False,True,0,13.4,0.3,12.616666666666667,27621355312.0
16,9,False,True,0,10.8,2.7,12.566666666666666,27708210767.0
17,9,False,True,0,10.2,3.9,12.55,27995927589.0
18,9,False,True,0,8.4,1.1,12.45,28271612278.0
19,9,False,True,0,9.8,0.5,12.383333333333333,28073269043.0
20,9,False,True,0,9.8,0.2,12.416666666666666,28385981926.0
21,9,False,True,0,8.8,0.0,12.35,28801907707.0
22,9,False,True,0,8.4,0.0,12.2,28520822878.0
23,9,False,True,0,9.6,0.0,12.15,28867423823.0
24,9,False,True,0,11.8,8.9,12.083333333333334,29183847912.0
25,9,False,True,0,11.4,3.5,12.033333333333333,29509054341.0
26,9,False,True,0,10.0,17.5,11.95,30036312483.0
27,9,False,True,0,7.2,5.4,11.9,30673168323.0
28,9,False,True,0,8.0,0.6000000000000001,11.833333333333334,31319740819.0
29,9,False,True,0,8.4,7.2,11.683333333333334,31631754054.0
30,9,False,True,0,7.0,0.0,11.716666666666667,32397307413.0
1,10,False,True,0,11.2,28.0,11.65,33321860949.0
2,10,False,True,0,13.2,2.2,11.583333333333334,32184180295.0
3,10,False,True,0,12.2,0.4,11.433333333333334,31809762872.0
4,10,False,True,0,11.0,0.0,11.416666666666666,31920974381.0
5,10,False,True,0,13.0,0.0,11.316666666666666,31406844550.0
6,10,False,True,0,9.0,0.0,11.35,30885247046.0
7,10,False,True,0,8.2,0.0,11.183333333333334,31650819530.0
8,10,False,True,0,9.4,0.8,11.216666666666667,32018974907.0
9,10,False,True,0,6.4,0.0,11.1,32859913854.0
10,10,False,True,0,9.8,0.0,11.0,31917157060.0
11,10,False,True,0,7.0,0.0,10.95,31864671703.0
12,10,False,True,0,5.8,0.0,10.916666666666666,32779201293.0
13,10,False,True,0,10.0,1.5,10.916666666666666,32702456100.0
14,10,False,True,0,12.2,1.3,10.8,32588807982.0
15,10,False,True,0,13.0,8.0,10.7,32127938366.0
16,10,False,True,0,11.6,5.4,10.65,31747744249.0
17,10,False,True,0,15.0,14.4,10.616666666666667,30861943740.0
18,10,False,True,0,13.4,3.3,10.633333333333333,30512549142.0
19,10,False,True,0,12.0,0.3,10.466666666666667,30651814236.0
20,10,False,True,0,14.8,3.7,10.45,30367593220.0
21,10,False,True,0,14.2,1.9,10.366666666666667,30712098573.0
22,10,False,True,1,14.0,0.0,10.3,30981038302.0
23,10,False,True,1,14.0,2.6,10.266666666666667,30809203660.0
24,10,False,True,1,14.8,3.9,10.2,30819791103.0
25,10,False,True,1,12.2,0.0,10.116666666666667,31150590564.0
26,10,False,True,1,14.6,0.0,10.083333333333334,30652855476.0
27,10,False,True,1,13.8,0.5,10.016666666666667,30590265945.0
28,10,False,True,1,15.6,0.1,9.95,30446083291.0
29,10,False,True,1,15.2,0.0,9.916666666666666,31566547924.0
30,10,False,True,1,14.0,0.0,9.85,30227595951.0
31,10,False,True,1,12.4,2.5,9.783333333333333,31313813979.0
1,11,False,True,1,13.2,3.3,9.733333333333333,32019671872.0
2,11,False,True,1,8.8,2.2,9.683333333333334,33294430145.0
3,11,False,True,1,9.2,6.5,9.616666666666667,35427736856.0
4,11,False,True,1,7.6,4.7,9.566666666666666,38258130606.0
5,11,False,True,1,6.4,0.0,9.516666666666667,40790403417.0
6,11,False,True,1,8.2,3.6,9.45,41286109283.0
7,11,False,True,1,9.4,0.5,9.4,38696697338.0
8,11,False,True,0,11.2,0.0,9.35,37956176485.0
9,11,False,True,0,9.6,0.0,9.283333333333333,38042123814.0
10,11,False,True,0,7.8,0.0,9.25,39565441100.0
11,11,False,True,0,7.2,0.0,9.183333333333334,40083649118.0
12,11,False,True,0,8.0,0.0,9.133333333333333,39919184954.0
13,11,False,True,0,8.6,0.0,9.083333333333334,40549955765.0
14,11,False,True,0,6.8,0.0,9.033333333333333,41339739176.0
15,11,False,True,0,7.0,8.200000000000001,9.0,40997679533.0
16,11,False,True,0,8.4,11.4,8.933333333333334,41424566332.0
17,11,False,True,0,9.6,9.4,8.916666666666666,40618593858.0
18,11,False,True,0,6.4,5.7,8.85,43113199105.0
19,11,False,True,0,4.8,0.1,8.8,46639142672.0
20,11,False,True,0,4.2,2.7,8.766666666666667,48097668070.0
21,11,False,True,0,5.4,8.5,8.7,49343022751.0
22,11,False,True,0,5.2,2.0,8.666666666666666,49751268420.0
23,11,False,True,0,5.0,6.9,8.616666666666667,48909372892.0
24,11,False,True,0,6.2,1.0,8.566666666666666,47403970208.0
25,11,False,True,0,6.2,4.9,8.583333333333334,47130691819.0
26,11,False,True,0,6.4,0.0,8.55,50256032932.0
27,11,False,True,0,7.8,5.3,8.5,50438291556.0
28,11,False,True,0,7.0,13.6,8.433333333333334,48992952098.0
29,11,False,True,0,4.4,0.0,8.433333333333334,51115158795.0
30,11,False,True,0,3.4,0.0,8.4,53411386309.0
1,12,False,True,0,3.4,0.0,8.333333333333334,55509844919.0
2,12,False,True,0,1.0,0.0,8.333333333333334,58033729112.0
3,12,False,True,0,-1.2,0.0,8.266666666666667,60324747981.0
4,12,False,True,0,-1.6,0.0,8.266666666666667,60457248666.0
5,12,False,True,0,0.2,0.0,8.25,60438615972.0
6,12,False,True,0,1.6,0.0,8.216666666666667,60870148384.0
7,12,False,True,0,2.0,1.5,8.2,61514837713.0
8,12,False,True,0,0.0,0.1,8.183333333333334,62953307869.0
9,12,False,True,0,-1.8,0.0,8.166666666666666,64031085799.0
10,12,False,True,0,-2.4,0.0,8.1,66899086014.0
11,12,False,True,0,-1.8,0.3,8.116666666666667,70838286994.0
12,12,False,True,0,-2.8,1.5,8.1,72607245635.0
13,12,False,True,0,-3.8,0.0,8.083333333333334,71851842040.0
14,12,False,True,0,-1.6,9.9,8.083333333333334,66777062062.0
15,12,False,True,0,-2.0,0.0,8.066666666666666,66766604079.0
16,12,False,True,0,-4.0,0.0,8.05,68283601619.0
17,12,False,True,1,-3.4,0.0,8.033333333333333,73765322024.0
18,12,False,True,1,-3.8,0.0,8.033333333333333,72229880486.0
19,12,False,True,1,3.6,6.4,8.033333333333333,59207354957.0
20,12,False,True,1,9.6,5.7,8.016666666666667,52421932710.0
21,12,False,True,1,5.8,5.0,8.033333333333333,50107398863.0
22,12,False,True,1,6.0,1.9,8.016666666666667,48488166709.0
23,12,False,True,1,10.8,22.2,8.033333333333333,46168235642.0
24,12,False,True,1,8.0,0.0,8.033333333333333,47242196301.0
25,12,False,True,1,8.2,3.5,8.033333333333333,45419794265.0
26,12,False,True,1,3.6,1.9,8.05,47268374186.0
27,12,False,True,1,2.2,0.0,8.066666666666666,51858559775.0
28,12,False,True,1,5.0,1.2,8.05,51584190638.0
29,12,False,True,1,7.4,2.7,8.066666666666666,49875485847.0
30,12,False,True,1,4.4,7.1,8.083333333333334,50335740135.0
31,12,False,True,1,13.0,2.6,8.1,46070110996.0
1,1,False,True,1,11.2,5.0,8.116666666666667,43242972366.0
2,1,False,True,1,7.2,28.0,8.133333333333333,45284571129.0
3,1,False,True,1,4.2,0.0,8.15,48755523420.0
4,1,False,True,0,9.2,6.0,8.183333333333334,48376359155.0
5,1,False,True,0,10.4,5.0,8.166666666666666,45530354140.0
6,1,False,True,0,9.8,5.0,8.233333333333333,46087824295.0
7,1,False,True,0,7.6,5.0,8.25,47701726914.0
8,1,False,True,0,6.4,5.0,8.283333333333333,48385214082.0
9,1,False,True,0,5.4,8.0,8.266666666666667,51325488804.0
10,1,False,True,0,4.4,10.0,8.35,51859851915.0
11,1,False,True,0,8.2,8.0,8.383333333333333,49316691547.0
12,1,False,True,0,7.4,26.0,8.366666666666667,49237474016.0
13,1,False,True,0,7.2,5.0,8.433333333333334,48739256960.0
14,1,False,True,0,6.4,22.0,8.433333333333334,49662522941.0
15,1,False,True,0,5.4,10.0,8.516666666666667,51700632351.0
16,1,False,True,0,3.8,11.0,8.516666666666667,55430014895.0
17,1,False,True,0,-0.2,4.0,8.6,58388103183.0
18,1,False,True,0,-1.8,4.0,8.6,61921710310.0
19,1,False,True,0,-0.8,1.0,8.683333333333334,63793652257.0
20,1,False,True,0,-1.2,5.0,8.683333333333334,64089071005.0
21,1,False,True,0,-0.8,1.0,8.766666666666667,65960373820.0
22,1,False,True,0,-2.0,0.0,8.783333333333333,69461787740.0
23,1,False,True,0,0.2,0.0,8.816666666666666,68031442901.0
24,1,False,True,0,-1.6,0.0,8.9,65665666071.0
25,1,False,True,0,-1.4,0.0,8.916666666666666,65849105459.0
26,1,False,True,0,4.0,13.0,8.95,64774797431.0
27,1,False,True,0,1.0,0.0,9.016666666666667,63617220533.0
28,1,False,True,0,-1.25,0.0,9.066666666666666,64397136458.0
29,1,False,True,0,1.4,0.0,9.116666666666667,64097335791.0
30,1,False,True,0,5.6,4.0,9.166666666666666,61148542371.0
31,1,False,True,0,1.2,4.0,9.216666666666667,57835470487.0
1,2,False,True,0,5.0,14.0,9.266666666666667,54764133856.0
2,2,False,True,0,5.8,0.0,9.333333333333334,53254608393.0
3,2,False,True,0,6.2,0.0,9.366666666666667,52397725882.0
4,2,False,True,0,6.2,0.0,9.433333333333334,51449867648.0
5,2,False,True,0,5.6,2.0,9.483333333333333,51048849063.0
6,2,False,True,0,1.2,0.0,9.55,53976851399.0
7,2,False,True,0,-1.0,0.0,9.6,57345116675.0
8,2,False,True,0,-0.8,0.0,9.65,59933526717.0
9,2,False,True,0,-1.6,0.0,9.716666666666667,60517233530.0
10,2,False,True,0,1.6,0.0,9.783333333333333,58332289037.0
11,2,False,True,1,4.0,0.0,9.816666666666666,57484729404.0
12,2,False,True,1,3.8,0.0,9.883333333333333,54936818089.0
13,2,False,True,1,3.4,0.0,9.95,54212473078.0
14,2,False,True,1,3.4,0.0,10.0,52508389996.0
15,2,False,True,1,4.2,0.0,10.033333333333333,51132828906.0
16,2,False,True,1,5.8,4.0,10.1,49437142230.0
17,2,False,True,1,9.8,1.0,10.183333333333334,46086754491.0
18,2,False,True,1,9.6,0.0,10.233333333333333,44740078957.0
19,2,False,True,1,9.0,0.0,10.3,44394480847.0
20,2,False,True,1,4.6,0.0,10.366666666666667,46137845656.0
21,2,False,True,1,5.4,0.0,10.383333333333333,46354940879.0
22,2,False,True,1,7.2,8.0,10.45,46497361608.0
23,2,False,True,1,6.6,6.0,10.5,48052300555.0
24,2,False,True,1,1.4,0.0,10.566666666666666,48193234425.0
25,2,False,True,1,2.8,1.0,10.633333333333333,51486575570.0
26,2,False,True,1,-0.6,0.0,10.683333333333334,56605965949.0
27,2,False,True,1,-1.4,0.0,10.75,60490034014.0
28,2,False,True,0,-1.6,0.0,10.816666666666666,61154838664.0
1,3,False,True,0,-1.6,0.0,10.883333333333333,61954484978.0
2,3,False,True,0,-1.6,0.0,11.033333333333333,59628668125.0
3,3,False,True,0,-0.4,0.0,11.1,57626627669.0
4,3,False,True,0,0.8,0.0,11.166666666666666,58087023868.0
5,3,False,True,0,4.2,0.0,11.216666666666667,56828962143.0
6,3,False,True,0,1.6,2.0,11.283333333333333,56511976318.0
7,3,False,True,0,3.2,12.0,11.3,56703942356.0
8,3,False,True,0,3.6,29.0,11.316666666666666,51931393343.0
9,3,False,True,0,9.0,13.0,11.383333333333333,46228563942.0
10,3,False,True,0,4.8,12.0,11.433333333333334,48958984394.0
11,3,False,True,0,-0.2,2.0,11.5,49412130607.0
12,3,False,True,0,7.0,3.0,11.566666666666666,44525607980.0
13,3,False,True,0,13.0,6.0,11.716666666666667,40514897513.0
14,3,False,True,0,4.6,5.0,11.783333333333333,43705239072.0
15,3,False,True,0,0.8,4.0,11.833333333333334,46170221710.0
16,3,False,True,0,5.0,0.0,11.9,43471124149.0
17,3,False,True,0,7.6,0.0,12.05,41353299452.0
18,3,False,True,0,8.8,7.0,12.016666666666667,41496516497.0
19,3,False,True,0,8.8,4.0,12.166666666666666,42119943780.0
20,3,False,True,0,5.6,0.0,12.05,42522046259.0
21,3,False,True,0,8.2,4.0,12.2,40898469389.0
22,3,False,True,0,8.8,7.0,12.266666666666667,40942829731.0
23,3,False,True,0,9.8,6.0,12.333333333333334,39101793345.0
24,3,False,True,0,9.6,13.0,12.383333333333333,39202976993.0
25,3,False,True,0,8.0,5.0,12.45,41147044963.0
26,3,False,True,0,5.8,26.0,12.6,40802016928.0
27,3,False,True,0,2.0,2.0,12.583333333333334,43953311356.0
28,3,False,True,0,0.0,0.0,12.733333333333333,45595622824.0
29,3,False,True,0,7.8,2.0,12.7,39882320409.0
30,3,False,True,0,11.2,5.0,12.85,36516853735.0
31,3,False,True,0,9.6,18.0,12.816666666666666,38577439808.0
1,4,False,True,0,8.8,17.0,12.933333333333334,42420701156.0
2,4,False,True,0,5.6,1.0,12.933333333333334,45380942902.0
3,4,False,True,0,1.2,0.0,13.066666666666666,45750582594.0
4,4,False,True,0,0.0,0.0,13.166666666666666,46478310951.0
5,4,False,True,0,0.4,0.0,13.216666666666667,46344014818.0
6,4,False,True,0,4.6,7.0,13.25,43902323892.0
7,4,False,True,0,3.6,5.0,13.25,42748482988.0
8,4,False,True,0,3.2,0.0,13.366666666666667,42423617375.0
9,4,False,True,0,4.2,0.0,13.366666666666667,39299316336.0
10,4,False,True,0,7.6,5.0,13.516666666666667,38682504671.0
11,4,False,True,0,7.0,5.0,13.566666666666666,39227974281.0
12,4,False,True,0,7.8,16.0,13.65,40781269416.0
13,4,False,True,0,6.2,5.0,13.683333333333334,43042477533.0
14,4,False,True,0,3.8,5.0,13.75,44769062386.0
15,4,False,True,1,6.4,4.0,13.833333333333334,43748997317.0
16,4,False,True,1,3.8,1.0,13.866666666666667,42194534907.0
17,4,False,True,1,5.6,3.0,13.95,40966232707.0
18,4,False,True,1,4.4,0.0,13.983333333333333,39229740534.0
19,4,False,True,1,7.4,1.0,14.05,36947213223.0
20,4,False,True,1,2.4,3.0,14.133333333333333,37228467416.0
21,4,False,True,1,4.2,13.0,14.166666666666666,38540999105.0
22,4,False,True,1,6.0,14.0,14.233333333333333,38004142777.0
23,4,False,True,1,9.2,10.0,14.283333333333333,38110451773.0
24,4,False,True,1,7.6,10.0,14.35,38218784125.0
25,4,False,True,1,4.8,4.0,14.416666666666666,38504099556.0
26,4,False,True,1,2.6,0.0,14.466666666666667,38197042990.0
27,4,False,True,1,7.6,5.0,14.533333333333333,35168491041.0
28,4,False,True,1,13.4,7.0,14.583333333333334,32670076755.0
29,4,False,True,1,9.0,0.0,14.65,32668883300.0
30,4,False,True,1,7.6,0.0,14.7,32368182676.0
1,5,False,True,1,10.4,4.0,14.75,32792469543.0
2,5,False,True,1,7.8,0.0,14.816666666666666,32342471617.0
3,5,False,True,0,2.6,0.0,14.866666666666667,31348846285.0
4,5,False,True,0,6.6,2.0,14.933333333333334,29883279074.0
5,5,False,True,0,10.2,6.0,14.966666666666667,29680264756.0
6,5,False,True,0,9.4,4.0,15.033333333333333,29821800530.0
7,5,False,True,0,12.6,6.0,15.083333333333334,29484498579.0
8,5,False,True,0,10.2,2.0,15.133333333333333,30050095110.0
9,5,False,True,0,11.6,17.0,15.183333333333334,30357276520.0
10,5,False,True,0,9.8,10.0,15.25,31211460127.0
11,5,False,True,0,7.2,3.0,15.283333333333333,31263335922.0
12,5,False,True,0,8.4,8.0,15.35,32211929455.0
13,5,False,True,0,9.4,7.0,15.383333333333333,32180569827.0
14,5,False,True,0,8.6,3.0,15.45,31737856971.0
15,5,False,True,0,9.8,6.0,15.45,31390825622.0
16,5,False,True,0,4.6,0.0,15.533333333333333,31993731555.0
17,5,False,True,0,5.4,2.0,15.583333333333334,32033284750.0
18,5,False,True,1,6.4,0.0,15.6,31336463712.0
19,5,False,True,1,6.4,1.0,15.633333333333333,30652619877.0
20,5,False,True,1,8.6,4.0,15.716666666666667,29863744652.0
21,5,False,True,1,11.2,0.0,15.766666666666667,29427915218.0
22,5,False,True,1,11.6,0.0,15.766666666666667,28450198247.0
23,5,False,True,0,10.6,0.0,15.8,28130407423.0
24,5,False,True,0,6.4,1.0,15.833333333333334,28513492473.0
25,5,False,True,0,8.0,0.0,15.883333333333333,28083297666.0
26,5,False,True,0,7.8,0.0,15.916666666666666,27871526930.0
27,5,False,True,0,7.6,0.0,15.95,27637100761.0
28,5,False,True,0,10.0,0.0,15.983333333333333,26842239815.0
29,5,False,True,0,10.0,0.0,16.016666666666666,27389794975.0
30,5,False,True,0,8.0,0.0,16.066666666666666,27226817544.0
31,5,False,True,0,10.4,0.0,16.083333333333332,27436473787.0
1,6,False,True,0,10.8,0.0,16.116666666666667,26731537062.0
2,6,False,True,0,7.8,0.0,16.15,26838041618.0
3,6,False,True,0,10.2,0.0,16.216666666666665,27012351000.0
4,6,False,True,0,9.8,0.0,16.183333333333334,26605920416.0
5,6,False,True,0,10.0,0.0,16.216666666666665,26358700398.0
6,6,False,True,0,10.6,2.0,16.233333333333334,26355866218.0
7,6,False,True,0,12.2,4.0,16.266666666666666,26647717893.0
8,6,False,True,0,12.2,0.0,16.283333333333335,26384304894.0
9,6,False,True,0,14.6,4.0,16.35,26589987102.0
10,6,False,True,0,16.6,4.0,16.316666666666666,26797816431.0
11,6,False,True,0,17.8,9.0,16.333333333333332,26684810666.0
12,6,False,True,0,16.2,2.0,16.4,26351101730.0
13,6,False,True,0,15.2,0.0,16.366666666666667,26340682725.0
14,6,False,True,0,14.0,0.0,16.383333333333333,26692720515.0
15,6,False,True,0,13.8,0.0,16.383333333333333,26367090955.0
16,6,False,True,0,14.2,0.0,16.4,26594474790.0
17,6,False,True,0,14.4,0.0,16.4,26889092169.0
18,6,False,True,0,17.0,34.0,16.4,26698398798.0
19,6,False,True,0,14.8,17.0,16.416666666666668,26557157954.0
20,6,False,True,0,16.8,33.0,16.416666666666668,26646564793.0
21,6,False,True,0,16.4,6.0,16.466666666666665,27048263900.0
22,6,False,True,0,15.0,109.0,16.45,26723095105.0
23,6,False,True,0,14.2,2.0,16.416666666666668,26796332501.0
24,6,False,True,0,14.2,0.0,16.416666666666668,27025528894.0
25,6,False,True,0,16.8,0.0,16.45,27112328944.0
26,6,False,True,0,14.2,0.0,16.4,27133707227.0
27,6,False,True,0,13.0,0.0,16.45,26799630353.0
28,6,False,True,0,14.0,2.0,16.383333333333333,27099100701.0
29,6,False,True,0,16.8,5.0,16.416666666666668,27051536439.0
30,6,False,True,0,11.6,2.0,16.35,26588892567.0
1,7,False,True,0,15.0,6.0,16.383333333333333,25584291620.0
2,7,False,True,0,12.6,0.0,16.333333333333332,25484053544.0
3,7,False,True,0,12.6,0.0,16.3,25439213348.0
4,7,False,True,0,11.6,4.0,16.283333333333335,25503660988.0
5,7,False,True,0,10.8,11.0,16.316666666666666,25656921026.0
6,7,False,True,0,11.0,0.0,16.25,25638882685.0
7,7,False,True,0,14.0,0.0,16.216666666666665,26103397648.0
8,7,False,True,1,17.4,6.0,16.2,26476189111.0
9,7,False,True,1,18.0,14.0,16.166666666666668,26434894477.0
10,7,False,True,1,15.6,2.0,16.15,26863080277.0
11,7,False,True,1,17.0,1.0,16.116666666666667,27119337987.0
12,7,False,True,1,15.2,5.0,16.083333333333332,26367531877.0
13,7,False,True,1,12.8,3.0,16.05,25734002964.0
14,7,False,True,1,14.0,0.0,16.033333333333335,25496956173.0
15,7,False,True,1,18.6,5.0,16.0,25534306500.0
16,7,False,True,1,14.4,2.0,15.966666666666667,25307481490.0
17,7,False,True,1,12.2,1.0,15.933333333333334,25753818494.0
18,7,False,True,1,12.2,0.0,15.9,26298886573.0
19,7,False,True,1,12.6,2.0,15.85,26316244113.0
20,7,False,True,1,12.6,1.0,15.85,26018580698.0
21,7,False,True,1,13.2,2.0,15.766666666666667,25854715696.0
22,7,False,True,1,11.2,0.0,15.733333333333333,25499252958.0
23,7,False,True,1,15.4,11.0,15.7,25536926336.0
24,7,False,True,1,15.6,12.0,15.7,25524888959.0
25,7,False,True,1,13.2,11.0,15.65,25093213030.0
26,7,False,True,1,11.6,3.0,15.566666666666666,24853448702.0
27,7,False,True,1,15.2,11.0,15.566666666666666,25090202412.0
28,7,False,True,1,17.0,11.0,15.516666666666667,25389798205.0
29,7,False,True,1,15.2,5.0,15.433333333333334,25256861376.0
30,7,False,True,1,13.2,1.0,15.416666666666666,24808759369.0
31,7,False,True,1,16.6,13.0,15.366666666666667,24927106202.0
1,8,False,True,1,15.2,14.0,15.283333333333333,24803682897.0
2,8,False,True,1,16.6,34.0,15.266666666666667,25147199727.0
3,8,False,True,1,15.2,17.0,15.216666666666667,24974129171.0
4,8,False,True,1,13.0,9.0,15.166666666666666,24656543278.0
5,8,False,True,1,13.4,9.0,15.116666666666667,24612116545.0
6,8,False,True,1,13.2,10.0,15.066666666666666,24329023431.0
7,8,False,True,1,10.6,5.0,15.0,24280446177.0
8,8,False,True,1,12.0,5.0,14.966666666666667,24366334136.0
9,8,False,True,1,14.6,5.0,14.9,24388120974.0
10,8,False,True,1,13.2,0.0,14.85,24587572176.0
11,8,False,True,1,17.2,10.0,14.783333333333333,25055248892.0
12,8,False,True,1,18.8,11.0,14.733333333333333,24908381765.0
13,8,False,True,1,15.0,4.0,14.683333333333334,24576696312.0
14,8,False,True,1,15.4,1.0,14.633333333333333,24759670476.0
15,8,False,True,1,16.0,5.0,14.566666666666666,24711721063.0
16,8,False,True,1,14.8,0.0,14.5,25095304105.0
17,8,False,True,1,15.4,2.0,14.45,25400836221.0
18,8,False,True,1,17.6,2.0,14.383333333333333,25990611602.0
19,8,False,True,1,21.8,3.0,14.333333333333334,26216344048.0
20,8,False,True,1,16.6,0.0,14.266666666666667,26457416819.0
21,8,False,True,1,15.6,0.0,14.216666666666667,27277586603.0
22,8,False,True,1,15.8,0.0,14.166666666666666,27897815142.0
23,8,False,True,1,15.0,0.0,14.116666666666667,28354135027.0
24,8,False,True,1,20.2,9.0,14.05,28302067897.0
25,8,False,True,1,17.8,14.0,14.0,27085295240.0
26,8,False,True,1,12.2,4.0,13.933333333333334,25958738632.0
27,8,False,True,1,11.2,6.0,13.85,25205738029.0
28,8,False,True,1,11.8,2.0,13.783333333333333,25166467788.0
29,8,False,True,1,11.4,2.0,13.733333333333333,25246870804.0
30,8,False,True,1,12.0,5.0,13.666666666666666,25373712404.0
31,8,False,True,1,10.6,10.0,13.633333333333333,25595895507.0
1,9,False,True,1,16.0,22.0,13.566666666666666,25870096622.0
2,9,False,True,1,15.2,6.0,13.516666666666667,25884939186.0
3,9,False,True,1,15.2,0.0,13.45,26082395399.0
4,9,False,True,1,15.0,0.0,13.366666666666667,26338605705.0
5,9,False,True,0,15.8,0.0,13.3,26514016524.0
6,9,False,True,0,18.2,0.0,13.183333333333334,27015129608.0
7,9,False,True,0,16.4,0.0,13.116666666666667,26764117570.0
8,9,False,True,0,19.2,0.0,13.066666666666666,27105870085.0
9,9,False,True,0,20.4,0.0,13.066666666666666,27195913319.0
10,9,False,True,0,20.8,0.0,13.033333333333333,27181725824.0
11,9,False,True,0,18.6,3.0,12.983333333333333,26461592559.0
12,9,False,True,0,15.8,0.0,12.816666666666666,26060633523.0
13,9,False,True,0,15.8,0.0,12.766666666666667,26139510238.0
14,9,False,True,0,15.4,0.0,12.7,25804446398.0
15,9,False,True,0,13.4,0.0,12.65,25993276633.0
16,9,False,True,0,15.6,0.0,12.666666666666666,26217454745.0
17,9,False,True,0,16.0,3.0,12.616666666666667,26344338343.0
18,9,False,True,0,17.2,18.0,12.55,25924865928.0
19,9,False,True,0,13.0,0.0,12.4,25638118606.0
20,9,False,True,0,14.8,1.0,12.333333333333334,26037770120.0
21,9,False,True,0,14.6,29.0,12.283333333333333,26067554544.0
22,9,False,True,0,10.8,6.0,12.216666666666667,26259987392.0
23,9,False,True,0,9.4,5.0,12.15,26675455468.0
24,9,False,True,0,9.4,0.0,12.183333333333334,26666458316.0
25,9,False,True,0,11.4,0.0,12.033333333333333,26074653775.0
26,9,False,True,0,13.8,0.0,11.966666666666667,25823106904.0
27,9,False,True,0,15.0,0.0,11.916666666666666,26178555624.0
28,9,False,True,0,13.4,0.0,11.85,25837169796.0
29,9,False,True,0,17.6,5.0,11.783333333333333,26113401917.0
30,9,False,True,0,10.4,0.0,11.716666666666667,26428893211.0
1,10,False,True,0,13.0,0.0,11.666666666666666,27530768133.0
2,10,False,True,0,15.8,0.0,11.616666666666667,26771134995.0
3,10,False,True,0,16.2,7.0,11.55,26699434941.0
4,10,False,True,0,10.2,3.0,11.4,27644437452.0
5,10,False,True,0,10.8,0.0,11.433333333333334,27731540933.0
6,10,False,True,0,10.8,0.0,11.266666666666667,28001910871.0
7,10,False,True,0,11.6,0.0,11.3,28084203445.0
8,10,False,True,0,13.4,0.0,11.183333333333334,27938607329.0
9,10,False,True,0,12.8,0.0,11.183333333333334,27352738515.0
10,10,False,True,0,14.0,0.0,11.033333333333333,27158261699.0
11,10,False,True,0,14.0,1.0,10.966666666666667,27627456252.0
12,10,False,True,0,16.4,7.0,10.916666666666666,27720292961.0
13,10,False,True,0,17.2,3.0,10.883333333333333,27918489011.0
14,10,False,True,0,9.8,6.0,10.883333333333333,29149240592.0
15,10,False,True,0,7.8,1.0,10.766666666666667,31844061452.0
16,10,False,True,0,4.8,0.0,10.766666666666667,35122683242.0
17,10,False,True,0,5.4,0.0,10.616666666666667,35719111331.0
18,10,False,True,0,11.4,7.0,10.583333333333334,35836210261.0
19,10,False,True,0,13.6,4.0,10.5,31674919455.0
20,10,False,True,0,14.0,23.0,10.433333333333334,31496050756.0
21,10,False,True,1,11.2,17.0,10.4,33994058504.0
22,10,False,True,1,11.0,6.0,10.316666666666666,34087313949.0
23,10,False,True,1,8.8,4.0,10.283333333333333,37159771156.0
24,10,False,True,1,9.8,3.0,10.216666666666667,35690177069.0
25,10,False,True,1,11.2,12.0,10.133333333333333,36647491795.0
26,10,False,True,1,8.4,19.0,10.1,36923457880.0
27,10,False,True,1,9.2,7.0,10.033333333333333,36400353255.0
28,10,False,True,1,10.6,13.0,9.966666666666667,38413497686.0
29,10,False,True,1,12.0,13.0,9.933333333333334,36464422134.0
30,10,False,True,1,10.6,7.0,9.85,38403465471.0
31,10,False,True,1,7.8,8.0,9.816666666666666,38442157810.0
1,11,False,True,1,10.8,6.0,9.75,38676200773.0
2,11,False,True,1,10.4,10.0,9.683333333333334,40998579451.0
3,11,False,True,1,5.4,4.0,9.633333333333333,44436637383.0
4,11,False,True,1,6.6,20.0,9.583333333333334,44941418053.0
5,11,False,True,1,9.6,15.0,9.516666666666667,43340848900.0
6,11,False,True,1,8.2,4.0,9.466666666666667,43584683867.0
7,11,False,True,0,7.0,7.0,9.416666666666666,44743145839.0
8,11,False,True,0,7.0,12.0,9.35,45894077193.0
9,11,False,True,0,7.8,18.0,9.316666666666666,45722647086.0
10,11,False,True,0,5.6,18.0,9.25,47289409412.0
11,11,False,True,0,5.0,5.0,9.2,47916168484.0
12,11,False,True,0,6.0,19.0,9.15,46281193922.0
13,11,False,True,0,12.8,10.0,9.1,41431634471.0
14,11,False,True,0,10.8,17.0,9.05,40584120446.0
15,11,False,True,0,9.8,5.0,9.0,41778633152.0
16,11,False,True,0,7.4,29.0,8.95,44317804491.0
17,11,False,True,0,5.8,5.0,8.9,44871968157.0
18,11,False,True,0,7.0,26.0,8.85,45337338449.0
19,11,False,True,0,11.4,6.0,8.85,42205545364.0
20,11,False,True,0,9.6,6.0,8.8,43143680946.0
21,11,False,True,0,7.2,4.0,8.716666666666667,44104301344.0
22,11,False,True,0,4.8,0.0,8.683333333333334,46679424349.0
23,11,False,True,0,8.0,0.0,8.666666666666666,48890241243.0
24,11,False,True,0,7.2,4.0,8.633333333333333,48594929599.0
25,11,False,True,0,3.4,4.0,8.583333333333334,53729996262.0
26,11,False,True,0,2.8,1.0,8.55,57593269360.0
27,11,False,True,0,4.4,20.0,8.466666666666667,56236811331.0
28,11,False,True,0,4.4,3.0,8.433333333333334,54082020973.0
29,11,False,True,0,1.4,2.0,8.45,56767391846.0
30,11,False,True,0,1.2,0.0,8.4,55440535976.0
1,12,False,True,0,-0.6,2.0,8.333333333333334,56724995593.0
2,12,False,True,0,-2.0,1.0,8.35,63271227686.0
3,12,False,True,0,-1.2,3.0,8.266666666666667,65816171194.0
4,12,False,True,0,1.4,19.0,8.283333333333333,60671922645.0
5,12,False,True,0,4.6,13.0,8.25,56924618794.0
6,12,False,True,0,3.8,3.0,8.216666666666667,58009797784.0
7,12,False,True,0,2.6,4.0,8.2,60051586815.0
8,12,False,True,0,5.8,6.0,8.183333333333334,54223549257.0
9,12,False,True,0,6.2,26.0,8.166666666666666,53414346360.0
10,12,False,True,0,7.6,11.0,8.1,50383298056.0
11,12,False,True,0,10.0,2.0,8.116666666666667,46729489038.0
12,12,False,True,0,8.6,6.0,8.1,45733266958.0
13,12,False,True,0,8.0,9.0,8.083333333333334,48929307624.0
14,12,False,True,0,6.2,4.0,8.033333333333333,51811285703.0
15,12,False,True,0,5.8,0.0,8.066666666666666,51280123312.0
16,12,False,True,0,4.0,0.0,8.05,54781652338.0
17,12,False,True,0,3.8,0.0,8.05,59209190125.0
18,12,False,True,0,2.6,0.0,8.033333333333333,60551235724.0
19,12,False,True,0,4.0,7.0,8.033333333333333,59342246365.0
20,12,False,True,0,4.2,6.0,8.033333333333333,56434910713.0
21,12,False,True,0,9.8,5.0,8.033333333333333,53332772463.0
22,12,False,True,0,9.2,5.0,8.033333333333333,51133486178.0
23,12,False,True,1,7.8,1.0,8.033333333333333,50566726643.0
24,12,False,True,1,8.4,2.0,8.033333333333333,50123711787.0
25,12,False,True,1,10.4,2.0,8.033333333333333,48161474803.0
26,12,False,True,1,9.2,2.0,8.05,50308562393.0
27,12,False,True,1,8.0,3.0,8.05,52101270804.0
28,12,False,True,1,8.4,1.0,8.066666666666666,51174863380.0
29,12,False,True,1,9.2,7.0,8.066666666666666,49796177077.0
30,12,False,True,1,6.4,2.0,8.083333333333334,49390632381.0
31,12,False,True,1,7.4,13.0,8.1,51722033004.0
1,1,False,True,1,6.0,6.0,8.116666666666667,50234086482.0
2,1,False,True,1,9.8,30.0,8.133333333333333,48542154213.0
3,1,False,True,1,9.8,11.0,8.15,48175271205.0
4,1,False,True,1,6.6,20.0,8.183333333333334,48338836964.0
5,1,False,True,1,5.8,3.0,8.2,51333867220.0
6,1,False,True,1,4.6,5.0,8.216666666666667,54347719064.0
7,1,False,True,1,1.2,1.0,8.216666666666667,61220956247.0
8,1,False,True,1,-2.4,0.0,8.283333333333333,70309086981.0
9,1,False,True,0,-3.4,0.0,8.3,73882080892.0
10,1,False,True,0,-4.0,0.0,8.3,76250857814.0
11,1,False,True,0,-2.8,0.0,8.366666666666667,73880981799.0
12,1,False,True,0,0.2,0.0,8.4,67026980417.0
13,1,False,True,0,-1.4,0.0,8.4,67048444965.0
14,1,False,True,0,-0.6,0.0,8.466666666666667,69477147341.0
15,1,False,True,0,-0.8,4.0,8.466666666666667,65819307978.0
16,1,False,True,0,-2.2,0.0,8.55,68755686317.0
17,1,False,True,0,-0.4,44.0,8.55,71161631039.0
18,1,False,True,0,-1.8,6.0,8.633333333333333,69027602058.0
19,1,False,True,0,-6.2,0.0,8.616666666666667,71780241935.0
20,1,False,True,0,-7.4,0.0,8.7,75124939310.0
21,1,False,True,0,-1.0,1.0,8.716666666666667,70822048642.0
22,1,False,True,0,8.2,11.0,8.75,55977938888.0
23,1,False,True,0,5.6,5.0,8.85,54681632930.0
24,1,False,True,0,10.6,2.0,8.866666666666667,48424474247.0
25,1,False,True,0,8.0,4.0,8.9,48142910329.0
26,1,False,True,0,8.4,11.0,8.95,47331835745.0
27,1,False,True,0,1.4,0.0,9.0,56399870878.0
28,1,False,True,0,1.8,0.0,9.05,57920689933.0
29,1,False,True,0,5.2,0.0,9.1,52872062203.0
30,1,False,True,0,7.4,0.0,9.15,49391809587.0
31,1,False,True,0,3.0,0.0,9.216666666666667,50998574145.0
1,2,False,True,0,8.2,7.0,9.25,48790473623.0
2,2,False,True,0,2.8,0.0,9.316666666666666,53099488401.0
3,2,False,True,0,9.0,0.0,9.366666666666667,48871850154.0
4,2,False,True,0,9.6,2.0,9.433333333333334,47848931958.0
5,2,False,True,0,7.0,0.0,9.466666666666667,48534030585.0
6,2,False,True,0,10.0,0.0,9.533333333333333,47507359650.0
7,2,False,True,0,8.8,22.0,9.583333333333334,48037892365.0
8,2,False,True,0,8.2,17.0,9.65,47444528307.0
9,2,False,True,0,10.6,10.0,9.7,44474422072.0
10,2,False,True,0,7.2,8.0,9.75,45090658411.0
11,2,False,True,0,7.0,5.0,9.816666666666666,46736052088.0
12,2,False,True,0,4.4,2.0,9.883333333333333,47894461089.0
13,2,False,True,0,3.0,1.0,9.916666666666666,51227524312.0
14,2,False,True,0,9.4,4.0,9.983333333333333,46349984758.0
15,2,False,True,0,10.4,1.0,10.05,40697175442.0
16,2,False,True,0,10.8,1.0,10.1,40688895865.0
17,2,False,True,0,6.0,0.0,10.166666666666666,42104582494.0
18,2,False,True,0,8.0,13.0,10.2,44791254891.0
19,2,False,True,0,7.0,4.0,10.25,44865946560.0
20,2,False,True,0,6.0,0.0,10.316666666666666,46806667556.0
21,2,False,True,0,7.8,14.0,10.383333333333333,47735748789.0
22,2,False,True,0,9.4,38.0,10.45,45917134314.0
23,2,False,True,0,4.2,5.0,10.516666666666667,51655419137.0
24,2,False,True,1,2.0,8.0,10.583333333333334,52721442458.0
25,2,False,True,1,3.2,9.0,10.633333333333333,51974955782.0
26,2,False,True,1,5.4,23.0,10.7,53158225043.0
27,2,False,True,1,3.0,1.0,10.766666666666667,51231632796.0
28,2,False,True,1,3.4,4.0,10.783333333333333,50819871616.0
29,2,False,True,1,7.2,8.0,10.95,48227473418.0
1,3,False,True,1,4.2,8.0,11.016666666666667,50230206088.0
2,3,False,True,1,4.8,10.0,11.066666666666666,51258981828.0
3,3,False,True,1,4.6,4.0,11.133333333333333,50650552323.0
4,3,False,True,1,2.0,1.0,11.183333333333334,48806423962.0
5,3,False,True,1,5.2,5.0,11.25,48278163356.0
6,3,False,True,1,4.0,3.0,11.266666666666667,47211458648.0
7,3,False,True,1,3.0,1.0,11.283333333333333,47178191899.0
8,3,False,True,1,2.4,2.0,11.35,47148379729.0
9,3,False,True,1,5.4,7.0,11.416666666666666,44901046242.0
10,3,False,True,1,6.6,3.0,11.466666666666667,45353624656.0
11,3,False,True,1,6.8,8.0,11.633333333333333,46561350198.0
12,3,False,True,0,7.0,11.0,11.683333333333334,46696859820.0
13,3,False,True,0,8.8,0.0,11.75,43001008507.0
14,3,False,True,0,7.2,0.0,11.833333333333334,39323058077.0
15,3,False,True,0,11.0,7.0,11.783333333333333,38229272702.0
16,3,False,True,0,8.4,5.0,11.85,39378340758.0
17,3,False,True,0,9.0,6.0,12.0,40870640081.0
18,3,False,True,0,8.4,5.0,12.066666666666666,38169662219.0
19,3,False,True,0,9.8,0.0,12.133333333333333,36455319664.0
20,3,False,True,0,8.8,0.0,12.3,36245950889.0
21,3,False,True,0,8.4,1.0,12.266666666666667,36722325877.0
22,3,False,True,0,8.2,7.0,12.416666666666666,38166040176.0
23,3,False,True,0,4.2,9.0,12.383333333333333,42730647657.0
24,3,False,True,0,4.6,5.0,12.433333333333334,44887021085.0
25,3,False,True,0,2.0,0.0,12.5,43015080535.0
26,3,False,True,0,6.8,11.0,12.583333333333334,42025423481.0
27,3,False,True,0,5.0,1.0,12.733333333333333,42914034734.0
28,3,False,True,0,5.4,10.0,12.7,42638710794.0
29,3,False,True,0,7.8,14.0,12.85,40910773316.0
30,3,False,True,0,7.2,19.0,12.816666666666666,41174203511.0
31,3,False,True,0,5.2,14.0,12.933333333333334,39980999226.0
1,4,False,True,0,7.8,6.0,13.016666666666667,39486026321.0
2,4,False,True,0,7.8,8.0,13.083333333333334,40461624080.0
3,4,False,True,0,9.0,12.0,13.05,39050652843.0
4,4,False,True,0,11.0,22.0,13.166666666666666,36535919056.0
5,4,False,True,0,11.4,6.0,13.183333333333334,34215333284.0
6,4,False,True,0,12.2,1.0,13.3,32190144039.0
7,4,False,True,0,12.4,5.0,13.3,31852321754.0
8,4,False,True,0,10.2,13.0,13.45,31299489896.0
9,4,False,True,0,7.2,5.0,13.483333333333333,34174455633.0
10,4,False,True,0,3.8,0.0,13.566666666666666,35464865212.0
11,4,False,True,0,9.0,0.0,13.6,33922321930.0
12,4,False,True,0,12.8,0.0,13.683333333333334,30983938912.0
13,4,False,True,0,11.8,0.0,13.75,29459452618.0
14,4,False,True,0,8.8,0.0,13.783333333333333,30290353934.0
15,4,False,True,0,6.0,8.0,13.866666666666667,34161840275.0
16,4,False,True,0,7.0,6.0,13.9,38102980532.0
17,4,False,True,0,3.2,8.0,13.966666666666667,39840127386.0
18,4,False,True,0,2.2,0.0,14.05,39340045177.0
19,4,False,True,0,6.4,5.0,14.083333333333334,40633709691.0
20,4,False,True,1,4.0,5.0,14.166666666666666,43271276279.0
21,4,False,True,1,3.2,5.0,14.2,42815163436.0
22,4,False,True,1,1.6,4.0,14.266666666666667,42285834779.0
23,4,False,True,1,-0.2,4.0,14.333333333333334,41661134161.0
24,4,False,True,1,4.0,7.0,14.383333333333333,42388375496.0
25,4,False,True,1,1.0,3.0,14.45,41664578112.0
26,4,False,True,1,5.2,7.0,14.5,39792855280.0
27,4,False,True,1,8.0,19.0,14.566666666666666,37209623465.0
28,4,False,True,1,9.4,5.0,14.633333333333333,36444505283.0
29,4,False,True,1,5.8,1.0,14.683333333333334,34138086310.0
30,4,False,True,1,10.8,6.0,14.75,31777779213.0
1,5,False,True,1,11.2,10.0,14.8,29563396475.0
2,5,False,True,1,10.4,17.0,14.85,31219602041.0
3,5,False,True,1,8.4,5.0,14.9,32287970582.0
4,5,False,True,1,6.6,7.0,14.966666666666667,32901384555.0
5,5,False,True,1,7.8,7.0,15.033333333333333,32560493270.0
6,5,False,True,1,10.8,7.0,15.066666666666666,31064556806.0
7,5,False,True,0,7.8,5.0,15.133333333333333,30745473053.0
8,5,False,True,0,7.2,1.0,15.183333333333334,31911615369.0
9,5,False,True,1,8.0,1.0,15.233333333333333,30428518491.0
10,5,False,True,1,9.8,0.0,15.283333333333333,28304074738.0
11,5,False,True,1,11.0,1.0,15.333333333333334,27061290726.0
12,5,False,True,1,12.8,13.0,15.383333333333333,27002154094.0
13,5,False,True,1,13.4,6.0,15.433333333333334,26754125694.0
14,5,False,True,0,12.6,8.0,15.483333333333333,27305376073.0
15,5,False,True,0,11.2,10.0,15.483333333333333,27791511669.0
16,5,False,True,0,11.0,12.0,15.566666666666666,27854932997.0
17,5,False,True,0,10.0,5.0,15.616666666666667,27798825803.0
18,5,False,True,0,11.0,14.0,15.633333333333333,28491410681.0
19,5,False,True,0,10.8,7.0,15.666666666666666,27588562604.0
20,5,False,True,0,10.0,11.0,15.7,28089142403.0
21,5,False,True,0,12.2,14.0,15.8,28272428242.0
22,5,False,True,0,11.4,5.0,15.833333333333334,28273754519.0
23,5,False,True,0,10.2,5.0,15.833333333333334,27653827814.0
24,5,False,True,0,10.0,16.0,15.883333333333333,27675186038.0
25,5,False,True,0,10.6,1.0,15.916666666666666,27668123285.0
26,5,False,True,0,12.6,10.0,15.95,27330601487.0
27,5,False,True,0,10.4,5.0,15.983333333333333,27515055151.0
28,5,False,True,0,9.8,7.0,16.05,28322637871.0
29,5,False,True,0,13.2,10.0,16.033333333333335,28526925821.0
30,5,False,True,0,9.8,11.0,16.066666666666666,28250568546.0
31,5,False,True,0,11.0,7.0,16.1,29529589485.0
1,6,False,True,0,11.6,5.0,16.133333333333333,31183393140.0
2,6,False,True,0,11.6,0.0,16.15,30342373956.0
3,6,False,True,0,9.0,4.0,16.183333333333334,28542343893.0
4,6,False,True,0,12.2,5.0,16.25,27126111857.0
5,6,False,True,0,11.0,5.0,16.233333333333334,27298166972.0
6,6,False,True,0,7.6,0.0,16.266666666666666,27144348130.0
7,6,False,True,0,7.8,0.0,16.283333333333335,27023663068.0
8,6,False,True,0,8.6,1.0,16.333333333333332,27212963493.0
9,6,False,True,0,8.8,0.0,16.316666666666666,27070634986.0
10,6,False,True,0,9.4,7.0,16.333333333333332,27635706913.0
11,6,False,True,0,7.4,8.0,16.383333333333333,28048521209.0
12,6,False,True,0,7.4,4.0,16.416666666666668,28714088825.0
13,6,False,True,0,8.6,4.0,16.383333333333333,27813824292.0
14,6,False,True,0,11.2,12.0,16.383333333333333,28066493270.0
15,6,False,True,0,10.0,13.0,16.4,28650509946.0
16,6,False,True,0,11.4,12.0,16.4,28441113916.0
17,6,False,True,0,12.2,5.0,16.4,27084246974.0
18,6,False,True,0,14.4,12.0,16.416666666666668,27182411361.0
19,6,False,True,0,13.8,5.0,16.416666666666668,27178638823.0
20,6,False,True,0,12.4,6.0,16.466666666666665,26775440065.0
21,6,False,True,0,14.6,15.0,16.45,26747858245.0
22,6,False,True,0,12.4,10.0,16.416666666666668,26853431563.0
23,6,False,True,0,11.4,0.0,16.416666666666668,26616144183.0
24,6,False,True,0,13.0,0.0,16.466666666666665,26145174247.0
25,6,False,True,0,15.6,1.0,16.4,25991724487.0
26,6,False,True,0,17.0,3.0,16.4,26532510474.0
27,6,False,True,0,18.4,1.0,16.383333333333333,26290440273.0
28,6,False,True,0,11.8,0.0,16.366666666666667,25773025046.0
29,6,False,True,0,11.2,6.0,16.35,25885155315.0
30,6,False,True,0,14.8,16.0,16.4,23546364477.0
